会社名,銘柄コード,業種,優先市場,市場タイプ,決算月,都道府県,時価総額,PBR,PER(会予),PER(過去12ヶ月),PER(前年度),配当方向性,配当利回り,EPS(過去12ヶ月),EPS(予想),EPS(前年度),売上高,営業利益,営業利益率,当期純利益,純利益率,ROE,自己資本比率,負債,流動負債,流動資産,総負債,現金及び現金同等物,投資有価証券,ネットキャッシュ,ネットキャッシュ比率
Wealthfront Corporation,WLTH,Technology,NASDAQ,US,2025-01-31,,1307548544.0,3.0169725,11.717542,,,0.0,0.0,-1.26,0.74333,,308859000.0,121473000.0,0.33722,194447000.0,0.35182998,,0.03524308028841514,419868000.0,173223000.0,346450000.0,13352000.0,142860000.0,,-73418000.0,-0.056149349358305733
"John Wiley & Sons, Inc.",WLY,Communication Services,NASDAQ,US,2025-04-30,,1536807424.0,2.081287,6.6454544,15.636363,-9.942563399878933,0.7567,0.04867561,1.87,4.4,-3.6458094458094457,1677609000.0,246970000.0,0.18152,84161000.0,0.06107,0.13605,0.2794781728619273,1939260000.0,820856000.0,439884000.0,899199000.0,85882000.0,,-1499376000.0,-0.9756433867930091
"John Wiley & Sons, Inc.",WLYB,Communication Services,NASDAQ,US,2025-04-30,,1565714560.0,2.1204357,,15.930482,-9.82367067055817,0.7567,0.044849444,1.87,,-3.6458094458094457,1677609000.0,246970000.0,0.18152,84161000.0,0.06107,0.13605,0.2794781728619273,1939260000.0,820856000.0,439884000.0,899199000.0,85882000.0,,-1499376000.0,-0.9576304891742209
"Waste Management, Inc.",WM,Industrials,NASDAQ,US,2024-12-31,,91366211584.0,9.151031,24.164795,33.89985,29.2786206739277,0.4925,0.014563106,6.69,9.38514,6.807139315815568,,,0.19072,,0.10744,0.29696,0.18515942289137702,36313000000.0,6258000000.0,4774000000.0,23900000000.0,414000000.0,,-31539000000.0,-0.3451932552878562
"The Williams Companies, Inc.",WMB,Energy,NASDAQ,US,2024-12-31,,81723957248.0,6.5498676,29.596605,34.673576,12.428534892653099,1.0233,0.029293979,1.93,2.26107,2.5999517467275695,10503000000.0,3339000000.0,0.39554,2225000000.0,0.20462999,0.16902,0.22804958556443922,39692000000.0,5312000000.0,2661000000.0,26937000000.0,60000000.0,,-37031000000.0,-0.45312294273300435
Warner Music Group Corp.,WMG,Communication Services,NASDAQ,US,2025-09-30,,15175809024.0,21.06599,16.590899,50.964912,36.034544564902646,1.2982001,0.026250442,0.57,1.75096,0.8405423527070295,6707000000.0,928000000.0,0.17772,365000000.0,0.044320002,0.39843,0.06582561806897955,9072000000.0,4201000000.0,2770000000.0,4608000000.0,532000000.0,,-6302000000.0,-0.4152661640663514
"Weis Markets, Inc.",WMK,Consumer Defensive,NASDAQ,US,2024-12-31,,1823181952.0,1.357106,,19.389475,16.028315721823365,0.35790002,0.018383346,3.8,,3.8600003725122676,4791730000.0,131715000.0,0.01801,109941000.0,0.02041,0.07224,0.686155417146317,661408000.0,343304000.0,844859000.0,173463000.0,190323000.0,,183451000.0,0.1006213339259734
"Advanced Drainage Systems, Inc.",WMS,Industrials,NASDAQ,US,2025-03-31,,13661328384.0,6.6446924,25.80632,29.13289,26.46191917642294,0.1165,0.0041169203,6.02,6.79601,6.453231583077059,2904245000.0,661294000.0,0.21014,450172000.0,0.15746,0.27569,0.4384634561397804,2054572000.0,398396000.0,1324783000.0,1445122000.0,463319000.0,,-729789000.0,-0.05342006132102944
Walmart Inc.,WMT,Consumer Defensive,NASDAQ,US,2025-01-31,,1045878538240.0,10.882694,44.146053,45.86713,28.150335167402854,0.3191,0.007192374,2.86,2.9715,1.912812923911703,680985000000.0,29348000000.0,0.0373,19436000000.0,0.03259,0.23661,0.3489454534301039,163131000000.0,96584000000.0,79458000000.0,60114000000.0,9037000000.0,,-83673000000.0,-0.08000259775939621
Wabash National Corporation,WNC,Industrials,NASDAQ,US,2024-12-31,,446898496.0,1.2140892,11.564269,2.1755424,-2.5795776502373977,0.0631,0.02919708,5.07,0.9538,-6.403909015081494,,,-0.13625,,0.13706,0.75806,0.13377691850468534,1221703000.0,308409000.0,594488000.0,408924000.0,115484000.0,,-627215000.0,-1.4034842489154404
"SolarWindow Technologies, Inc.",WNDW,Utilities,NASDAQ,US,2025-08-31,,28942780.0,4.94382,,,-3.3870454682238074,0.0,0.0,-0.04,,-0.06495336448001,0.0,-2355751.0,0.0,-2257278.0,0.0,-0.44335997,0.9707798979542392,194175.0,194175.0,6602165.0,,6555642.0,,6407990.0,0.22140202150588162
"Western New England Bancorp, Inc.",WNEB,Financial Services,NASDAQ,US,2024-12-31,,293444960.0,1.1653645,13.383177,19.093332,12.022495693152988,0.37330002,0.019732207,0.75,1.07,0.6972591671325319,72726000.0,,0.31195998,11666000.0,0.18558,0.06315,0.08891895864821774,2417180000.0,,,123141000.0,57186000.0,397000.0,,
"Worldwide NFT, Inc.",WNFT,Financial Services,NASDAQ,US,2023-06-30,,2566800.0,-4.8,,,-5.814542591254794,0.0,0.0,-0.0,,-0.03158735237520951,0.0,-97605.0,0.0,-97605.0,0.0,,,274767.0,274767.0,0.0,,0.0,,-274767.0,-0.10704651706404862
WNHK,WNHK,Unknown,NASDAQ,US,,,,,,,,,,,,,,,,,,,,,,,,,,,
Winvest Group Ltd.,WNLV,Communication Services,NASDAQ,US,2024-12-31,,443977.0,0.037037037,,,,0.0,0.0,-0.0,,,77340.0,-762983.0,-57.17086,-1081047.0,0.0,-0.28412,0.8974413093794027,1510204.0,1410204.0,303199.0,675869.0,181522.0,,-1207005.0,-2.7186205591731105
WNS,WNS,Unknown,NASDAQ,US,,,,,,,,,,,,,,,,,,,,,,,,,,,
Meiwu Technology Company Limited,WNW,Consumer Cyclical,NASDAQ,US,2024-12-31,,75637128.0,0.07646006,,0.12783319,-0.4994117594192022,0.0,0.0,11.03,,-123.74558282114084,158485.0,-2047017.0,-0.55596,5114684.0,1.60364,0.12212,0.9742501842025618,1967772.0,676164.0,60945135.0,1287629.0,43396977.0,,58977363.0,0.7797409097817675
WORK Medical Technology Group LTD,WOK,Healthcare,NASDAQ,US,2025-09-30,,1788397.0,0.07795289,,,-20.43731412775125,0.0,0.0,-400.0,,-2700.941995359629,9848715.0,-895533.0,-0.17524,-1072667.0,-0.108909994,-0.06451,0.553106508768662,11991525.0,11971466.0,20455133.0,6416846.0,4088599.0,,8463608.0,4.732510734473386
"Wolfspeed, Inc.",WOLF,Technology,NASDAQ,US,2025-06-30,,709873984.0,0.032787498,-1.9593369,,,0.0,0.0,-13.28,-8.03333,,757600000.0,-628200000.0,-0.78694,-1609200000.0,-0.91640997,-1.3704,-0.06522817460317461,7301500000.0,7090000000.0,2542200000.0,6546900000.0,467200000.0,,-4759300000.0,-6.704429387850337
Wolters Kluwer N.V.,WOLTF,Industrials,NASDAQ,US,2024-12-31,,19019784192.0,18.68184,,15.005339,32.836857209494475,0.48950002,0.029562045,5.62,,4.09349593495935,5916000000.0,1453000000.0,0.25655,1079000000.0,0.1848,0.92619,0.16266582438408086,7953000000.0,3784000000.0,2657000000.0,4068000000.0,954000000.0,4000000.0,-5293200000.0,-0.27829968766030466
Wolverine Resources Corp.,WOLV,Basic Materials,NASDAQ,US,2024-05-31,,375673.0,-3.0,,,-5.1952405251318865,0.0,0.0,-0.0,,-0.004812096812763906,0.0,-389646.0,0.0,-458653.0,0.0,,-2.8510469822276967,87542.0,87542.0,8432.0,,5842.0,,-79110.0,-0.21058207536873824
WonderFi Technologies Inc.,WONDF,Technology,NASDAQ,US,2024-12-31,,146142784.0,2.692493,,,-6.1583144388157285,0.0,0.0,-0.03,,-0.039978471012704166,57742798.0,-11168219.0,-0.05562,-1241265.0,-0.5847,-0.31515,0.04607158961009061,2121261853.0,2119994404.0,2153548231.0,225723.0,34346337.0,2594439.0,34102485.30000019,0.23335045608546906
"Petco Health and Wellness Company, Inc.",WOOF,Consumer Cyclical,NASDAQ,US,2025-01-31,,736859584.0,0.635768,12.275112,,-0.5329203312286809,0.0,0.0,-0.01,0.21344,-4.784955279219881,6116462000.0,7051000.0,0.01994,-101816000.0,-0.00037,-0.00193,0.21438925926425037,4080800000.0,1139163000.0,973619000.0,2935490000.0,165756000.0,,-3107181000.0,-4.216788472958235
Woodside Energy Group Ltd,WOPEF,Energy,NASDAQ,US,2024-12-31,,31082987520.0,0.87107086,,10.616883,20.74160897855571,0.7907,0.0648318,1.54,,0.8686810779765547,13179000000.0,6302000000.0,0.21745001,3573000000.0,0.21420999,0.080819994,0.5778107861060329,25111000000.0,5857000000.0,7563000000.0,11620000000.0,3923000000.0,118000000.0,-17465400000.0,-0.5618957955300173
"Worthington Enterprises, Inc.",WOR,Industrials,NASDAQ,US,2025-05-31,,2935204608.0,3.0420012,14.894153,281.42856,25.37989285532229,3.3332999,0.012415934,0.21,3.968,2.197187574481608,1153762000.0,50622000.0,0.04247,96053000.0,0.08457,0.11173,0.5528631060813426,756915000.0,196842000.0,685370000.0,326055000.0,250075000.0,,-71545000.0,-0.024374791387626493
SCWorx Corp.,WORX,Healthcare,NASDAQ,US,2024-12-31,,2709554.0,0.3324272,,,-0.5213724120885177,0.0,0.0,-0.85,,-3.8552097193090504,2989599.0,-1259426.0,-0.19674,-1136225.0,-1.39711,-0.74224997,0.7074906580104576,1856209.0,1836549.0,503378.0,47029.0,106654.0,,-1352831.0,-0.49928180062106164
W. P. Carey Inc.,WPC,Real Estate,NASDAQ,US,2024-12-31,,15605316608.0,1.9134244,24.853325,43.157578,17.777889992597302,2.1697,0.050154105,1.65,2.86521,3.2829642734970355,1583018000.0,778913000.0,0.53393,460839000.0,0.21856001,0.04361,0.4807347283927299,9100900000.0,794606000.0,640373000.0,8039002000.0,640373000.0,,-8460527000.0,-0.5421567029061587
West Point Gold Corp.,WPGCF,Basic Materials,NASDAQ,US,2024-12-31,,97265200.0,6.206897,,,-7.693228144540883,0.0,0.0,-0.04,,-0.023059239841820258,0.0,-1061213.0,0.0,-1051911.0,0.0,-0.94957,0.9758689718154498,345012.0,345012.0,3485160.0,,3125206.0,,3140148.0,0.03228439359606519
Wheaton Precious Metals Corp.,WPM,Basic Materials,NASDAQ,US,2024-12-31,,61819129856.0,7.628611,32.913063,61.809086,41.21150661688202,0.2951,0.0049656224,2.2,4.13149,1.185640283771774,1284639000.0,729693000.0,0.66542,529140000.0,0.54721,0.13048,0.9777656466998192,165078000.0,29504000.0,828080000.0,5171000.0,818166000.0,98975000.0,732284500.0,0.011845597013509668
WPP plc,WPP,Communication Services,NASDAQ,US,2024-12-31,,3987106304.0,4.6521897,6.3001146,7.8305087,85.03276376897638,1.1455001,0.018228572,2.36,2.93328,0.5027422303473492,14741000000.0,1325000000.0,0.03317,542000000.0,0.026870001,0.123,0.1362264298874907,21775000000.0,15516000000.0,13661000000.0,6348000000.0,2638000000.0,,-8114000000.0,-2.035059860796729
WPP plc,WPPGF,Communication Services,NASDAQ,US,2024-12-31,,4022171136.0,0.9327036,,7.8829784,83.782508243214,1.1387,0.077053145,0.47,,0.10054844606946983,14741000000.0,1325000000.0,0.03317,542000000.0,0.026870001,0.123,0.1362264298874907,21775000000.0,15516000000.0,13661000000.0,6348000000.0,2638000000.0,,-8114000000.0,-2.017318439629914
Westport Fuel Systems Inc.,WPRT,Consumer Cyclical,NASDAQ,US,2024-12-31,,33162444.0,0.41306227,-1.5613121,,-2.3245986968009427,0.0,0.0,-1.44,-1.22333,-2.8951233726213266,302299000.0,-17718000.0,-3.97526,-21841000.0,-0.20895,-0.21572,0.4698735687759112,154596000.0,109268000.0,169886000.0,52784000.0,37240000.0,,15290000.0,0.46106372618375174
"Wrap Technologies, Inc.",WRAP,Technology,NASDAQ,US,2024-12-31,,99575808.0,6.8248177,-7.791667,,-4.061553773539024,0.0,0.0,-0.32,-0.24,-0.7140124831686088,4507000.0,-15567000.0,-1.8517799,-5875000.0,0.0,-1.3625599,0.016533298062297468,14871000.0,13203000.0,10471000.0,2196000.0,3610000.0,,-4400000.0,-0.04418743958371897
W. R. Berkley Corporation,WRB,Financial Services,NASDAQ,US,2024-12-31,,26757292032.0,2.729599,14.53815,15.822474,13.087092254578108,0.0787,0.004909524,4.45,4.84312,4.355184711227507,,,0.16360001,,0.120979995,0.19600001,0.20694297185602936,32159829000.0,,,2840966000.0,1974747000.0,,,
W. R. Berkley Corporation 5.70% SB DB 2058,WRB-PE,Unknown,NASDAQ,US,2024-12-31,,2772255232.0,0.50965357,,4.971727,,,0.024582967,,,,13691128000.0,,,1756115000.0,,,0.20694297185602936,32159829000.0,,,2840966000.0,1974747000.0,,,
W.R. Berkley Corporation 5.10% ,WRB-PF,Unknown,NASDAQ,US,,,,,,,,,,,,,,,,,,,,,,,,,,,
W.R. Berkley Corporation 4.25% ,WRB-PG,Unknown,NASDAQ,US,,,,,,,,,,,,,,,,,,,,,,,,,,,
W.R. Berkley Corporation 4.125%,WRB-PH,Unknown,NASDAQ,US,,,,,,,,,,,,,,,,,,,,,,,,,,,
Warby Parker Inc.,WRBY,Healthcare,NASDAQ,US,2024-12-31,,3117646080.0,8.433576,52.109283,Infinity,-26.005129483994494,0.0,0.0,0.0,0.48974,-0.5383553274986248,771315000.0,-30112000.0,0.01622,-20390000.0,0.00084,0.0020299999,0.5027021833286524,336417000.0,130354000.0,326046000.0,225355000.0,254161000.0,,-10371000.0,-0.00332654821422193
WeRide Inc.,WRD,Technology,NASDAQ,US,2024-12-31,,2674462976.0,2.982932,-24.380869,,,0.0,0.0,-0.78,-0.32033312,,361134000.0,-2157532000.0,-2.21961,-2516808000.0,0.0,-1.84438,0.9184078806618862,627751000.0,542489000.0,7287995000.0,143018000.0,4268300000.0,56919000.0,6700087300.0,2.5052084699339656
WRDIF,WRDIF,Unknown,NASDAQ,US,,,,,,,,,,,,,,,,,,,,,,,,,,,
White River Bancshares Co,WRIV,Financial Services,NASDAQ,US,2025-12-31,,135098928.0,,,9.8579035,11.414839415008126,0.0888,0.0,5.63,,3.030000353994213,57292350.0,,0.0,13827727.0,0.0,,0.07410512141748275,1410793092.0,,,78858548.0,46969073.0,165229235.0,,
World Acceptance Corporation,WRLD,Financial Services,NASDAQ,US,2025-03-31,,620136896.0,1.6804096,11.471575,15.88258,11.13174865111309,0.0,0.0,7.75,10.73,13.024009099688229,522131885.0,,0.08334,89741398.0,0.07458,0.109689996,0.4361536380114826,568147183.0,,,525559409.0,9730296.0,,,
West Red Lake Gold Mines Ltd.,WRLGF,Basic Materials,NASDAQ,US,2023-11-30,,339078304.0,5.428249,,,-28.60596483210075,0.0,0.0,-0.28,,-0.01293436550523787,0.0,-32664804.0,0.22162001,-32506639.0,0.0,,0.6737327262287074,31978356.0,13065340.0,19189367.0,7803257.0,16308858.0,,-12788989.0,-0.037716919216394335
WRLRF,WRLRF,Unknown,NASDAQ,US,,,,,,,,,,,,,,,,,,,,,,,,,,,
Western Copper and Gold Corporation,WRN,Basic Materials,NASDAQ,US,2024-12-31,,647748416.0,4.590283,-121.90477,,-65.56522895696668,0.0,0.0,-0.01,-0.02625,-0.02089522185101439,0.0,-9642790.0,0.0,-6921830.0,0.0,-0.019550001,0.9834894024839628,3183134.0,3155903.0,70007044.0,60639.0,14202317.0,,66823910.0,0.10316337076152726
WRPT,WRPT,Unknown,NASDAQ,US,,,,,,,,,,,,,,,,,,,,,,,,,,,
"Worthington Steel, Inc.",WS,Basic Materials,NASDAQ,US,2025-05-31,,2424736768.0,2.128894,15.742575,19.31174,10.565087765358923,0.2591,0.013964651,2.47,3.03,3.106425702811245,3093300000.0,157000000.0,0.02592,110700000.0,0.038310003,0.105220005,0.5475073911713733,763900000.0,631500000.0,1048500000.0,227900000.0,38000000.0,,284600000.0,0.1173735655581068
"WesBanco, Inc.",WSBC,Financial Services,NASDAQ,US,2024-12-31,,3639999744.0,0.95594907,9.252748,16.991032,10.85436348496044,0.6682,0.03989291,2.23,4.095,2.6760454573012726,600172000.0,,0.49800998,151510000.0,0.24685,0.065409996,0.14933828394301996,15894017000.0,,,1471381000.0,568137000.0,2082100000.0,,
"WesBanco, Inc.",WSBCO,Financial Services,NASDAQ,US,2024-12-31,,,0.6461298,,,,,0.058112327,,,,600172000.0,,0.49800998,151510000.0,0.24685,0.065409996,0.14933828394301996,15894017000.0,,,1471381000.0,568137000.0,2082100000.0,,
"Waterstone Financial, Inc.",WSBF,Financial Services,NASDAQ,US,2024-12-31,,333147392.0,0.9023195,17.871286,12.195946,28.132119525146482,0.4054,0.032786887,1.48,1.01,0.4642008318478907,132380000.0,,0.25851,18688000.0,0.18422002,0.07669,0.1534819750833632,1870473000.0,,,443553000.0,35459000.0,52768000.0,,
"Winchester Bancorp, Inc.",WSBK,Financial Services,NASDAQ,US,2025-06-30,,107170488.0,0.9401777,,70.35294,,0.0,0.0,0.17,,,19314000.0,,0.2493,-874000.0,0.06421,0.0143099995,0.12150271019551749,834026000.0,,,147000000.0,55244000.0,24535000.0,,
WillScot Holdings Corporation,WSC,Industrials,NASDAQ,US,2024-12-31,,4052991488.0,3.8208032,20.612257,18.396694,18.824971339249174,0.1736,0.010009533,1.21,1.07994,2.36045274765544,2395718000.0,585607000.0,0.21176,28129000.0,0.09644,0.21147,0.168783433591647,5016318000.0,585008000.0,557510000.0,3975353000.0,9001000.0,,-4458808000.0,-1.1001276497129422
WSFS Financial Corporation,WSFS,Financial Services,NASDAQ,US,2024-12-31,,3862856192.0,1.3778914,10.953489,13.880157,10.408420886918986,0.1297,0.009403049,5.09,6.45,4.396490615331132,1046358000.0,,0.38619998,263671000.0,0.28261,0.10824,0.12442174381617564,18234928000.0,,,383607000.0,1153117000.0,3512134000.0,,
WeShop Holdings Limited,WSHP,Communication Services,NASDAQ,US,2024-12-31,,487760000.0,70.73982,,,,0.0,0.0,-1.38,,,1294770.0,-10937482.0,-12.332431,-12074991.0,0.0,,0.5314473418743967,6546815.0,6156517.0,177661.0,4257655.0,28066.0,,-6369154.0,-0.013057967032967034
WISeKey International Holding AG,WSKEF,Technology,NASDAQ,US,2024-12-31,,78857224.0,1.8612071,,,-0.7019370573797573,0.0,0.0,-1.16,,-3.4293246552367753,11875000.0,-27423000.0,-5.1604,-13446000.0,-0.70252,-0.53602004,0.21840122767857142,27564000.0,21320000.0,100500000.0,8936000.0,90600000.0,455000.0,73254500.0,0.9289510368764693
"Williams-Sonoma, Inc.",WSM,Consumer Cyclical,NASDAQ,US,2025-01-31,,26343741440.0,12.847577,24.132395,24.329659,13.43677752292215,0.2811,0.011977035,9.07,9.14414,7.275416717735016,7711541000.0,1430184000.0,0.16950001,1125251000.0,0.14297,0.56918997,0.40410747156475385,3159188000.0,1911974000.0,2754609000.0,1347315000.0,1212977000.0,,-404579000.0,-0.01535768945050806
"Watsco, Inc.",WSO,Industrials,NASDAQ,US,2024-12-31,,17078019072.0,5.6588416,31.373487,32.6786,29.823151110642275,0.8865,0.028082967,12.85,13.38455,13.581747451470887,7618317000.0,751274000.0,0.109230004,536286000.0,0.07041,0.19052,0.5931412786584643,1415285000.0,983901000.0,3079981000.0,447463000.0,526271000.0,,1664696000.0,0.09747594220276556
"Watsco, Inc.",WSO-B,Industrials,NASDAQ,US,2024-12-31,,15774791680.0,5.241355,,30.267704,29.335640474654593,0.8865,0.029310433,12.85,,13.581747451470887,7618317000.0,751274000.0,0.109230004,536286000.0,0.07041,0.19052,0.5931412786584643,1415285000.0,983901000.0,3079981000.0,447463000.0,526271000.0,,1664696000.0,0.10552887377337461
Whitestone REIT,WSR,Real Estate,NASDAQ,US,2024-12-31,,774430208.0,1.7401903,31.359833,17.430231,30.52133829332616,0.6192,0.035360962,0.86,0.478,0.37746246039399367,155510000.0,51449000.0,0.34405997,36893000.0,0.28155002,0.10341,0.3861607083839001,690805000.0,49153000.0,100025000.0,632357000.0,5224000.0,,-590780000.0,-0.7628576389416876
"West Pharmaceutical Services, Inc.",WST,Healthcare,NASDAQ,US,2024-12-31,,17910310912.0,5.86579,32.00427,36.88148,44.745508253755176,0.1244,0.0036266297,6.75,7.77865,7.8804780876494025,2893200000.0,590900000.0,0.21849,492700000.0,0.16293,0.16945,0.7362079376406653,961100000.0,550400000.0,1538100000.0,302300000.0,484600000.0,,577000000.0,0.032216079488235294
Westin Acquisition Corp,WSTN,Financial Services,NASDAQ,US,2025-06-30,,80227800.0,1660.0,,,,,0.0,,,,,,0.0,,0.0,,0.077625,184475.0,184475.0,,184475.0,,,,
Westin Acquisition Corp,WSTNR,Unknown,NASDAQ,US,,,,35.0,,,,,0.0,,,,,,0.0,,0.0,,,,,,,,,,
Westin Acquisition Corp,WSTNU,Financial Services,NASDAQ,US,2025-06-30,,,1688.3334,,,,,0.0,,,,,,0.0,,0.0,,0.077625,184475.0,184475.0,,184475.0,,,,
Western Uranium & Vanadium Corp.,WSTRF,Energy,NASDAQ,US,2024-12-31,,37730476.0,1.2297424,,,,0.0,0.0,-0.13,,,183803.0,-10334777.0,-3.56827,-10112037.0,0.0,-0.30003,0.8791091158164417,4100164.0,747098.0,5987682.0,,5482631.0,,1887518.0,0.050026350051878485
Wheels Up Experience Inc.,WSUPW,Unknown,NASDAQ,US,2024-12-31,,,-0.0040384615,,,,,0.0,,,,792104000.0,-260118000.0,,-339635000.0,,,-0.16945262177993128,1354239000.0,917284000.0,332069000.0,472819000.0,216426000.0,,-1022170000.0,
"WisdomTree, Inc.",WT,Financial Services,NASDAQ,US,2024-12-31,,2214855168.0,5.2050266,13.07309,20.986666,24.499409342749463,0.16,0.007741935,0.75,1.204,0.4198647729848153,,,0.4074,,0.22103001,0.26825002,0.3870000193509685,633560000.0,109197000.0,318378000.0,512913000.0,181191000.0,8235000.0,-309417500.0,-0.1397010082060589
"West Bancorporation, Inc.",WTBA,Financial Services,NASDAQ,US,2024-12-31,,445712032.0,1.6692044,9.231579,13.703125,13.717766966564879,0.5208,0.038744673,1.92,2.85,1.4399999618179569,79133000.0,,0.43150002,24050000.0,0.34186,0.13186,0.05675604254156485,3787116000.0,,,392629000.0,243478000.0,,,
WiseTech Global Limited,WTCHF,Technology,NASDAQ,US,2024-06-30,,11625136128.0,6.7348127,,57.649998,119.23149812234861,0.2146,0.0039029676,0.6,,0.5273676399354578,,,0.42997003,,0.25774,0.12722999,0.7829224293445577,410197111.17498,217029496.494242,221173576.809192,69780965.303353,81344286.182166,,-189023534.36578798,-0.0162598985753389
The Alkaline Water Company Inc.,WTER,Consumer Defensive,NASDAQ,US,2023-03-31,,4625444.0,-4.4827585,-0.09629629,,-24.38778623381829,0.0,0.0,-19.5,-1.35,-5.990088237385958,63777289.0,-22029014.0,-0.34752998,-27405193.0,-0.83125,,-0.29598987870451987,23366831.0,23344608.0,15951725.0,9754197.0,1038754.0,,-7415106.0,-1.6031122633848771
Waton Financial Limited,WTF,Financial Services,NASDAQ,US,2025-03-31,,165454528.0,5.97561,,,,0.0,0.0,-0.39,,,7447944.0,-10361412.0,-1.27367,-11967505.0,-1.9119501,-1.02726,0.4155628625527784,17956232.0,17925671.0,25338318.0,525363.0,7717087.0,,7382086.0,0.04461700800355249
Wintrust Financial Corporation,WTFC,Financial Services,NASDAQ,US,2024-12-31,,10806402048.0,1.5813358,12.030648,14.141105,9.033299025535685,0.1754,0.012660632,11.41,13.41158,10.028282893359318,2450860000.0,,0.46548,695045000.0,0.31347,0.12113,0.09778559594355507,58535371000.0,,,4237961000.0,4861770000.0,474627000.0,,
Wintrust Financial Corporation,WTFCN,Financial Services,NASDAQ,US,2024-12-31,,,0.25912932,,,,,0.07541478,,,,2450860000.0,,0.46548,695045000.0,0.31347,0.12113,0.09778559594355507,58535371000.0,,,4237961000.0,4861770000.0,474627000.0,,
Wintergreen Acquisition Corp.,WTG,Financial Services,NASDAQ,US,2024-12-31,,74642536.0,10.590674,,,,,0.0,,,,,,0.0,,0.0,,0.03002035936214139,475000.0,475000.0,489701.0,475000.0,489701.0,,14701.0,0.00019695204353721316
Wintergreen Acquisition Corp.,WTGUR,Unknown,NASDAQ,US,,,,0.12445596,,,,,0.0,,,,,,0.0,,0.0,,,,,,,,,,
Wintergreen Acquisition Corp.,WTGUU,Financial Services,NASDAQ,US,2024-12-31,,,10.673368,,,,,0.0,,,,,,0.0,,0.0,,0.03002035936214139,475000.0,475000.0,489701.0,475000.0,489701.0,,14701.0,
Westhaven Gold Corp.,WTHVF,Basic Materials,NASDAQ,US,2024-12-31,,41293764.0,1.2488503,,,-8.54726429604154,0.0,0.0,-0.01,,-0.019877705217803143,0.0,-2061164.0,0.0,-2576471.0,0.0,-0.03798,0.9253627516522865,2995836.0,1042156.0,2806588.0,98897.0,2698525.0,,-189248.0,-0.00458296802393698
"W&T Offshore, Inc.",WTI,Energy,NASDAQ,US,2024-12-31,,354089792.0,-2.0534945,-5.48185,,30.354121845430985,0.090900004,0.01904762,-0.99,-0.43416,0.10517727340157247,525261000.0,-42194000.0,-0.09889,-87145000.0,-0.29253998,,-0.047843811707752086,1151507000.0,246084000.0,218458000.0,394745000.0,109003000.0,,-933049000.0,-2.635063255367723
MicroSectors Energy -3X Inverse Leveraged ETN,WTID,Unknown,NASDAQ,US,,,,0.069782175,,10.266298,,,0.72055846,,,,,,,,,,,,,,,,,,
MicroSectors Energy 3X Leveraged ETN,WTIU,Unknown,NASDAQ,US,,,,0.14257425,,23.217974,,,0.40177253,,,,,,,,,,,,,,,,,,
Wolters Kluwer N.V.,WTKWY,Industrials,NASDAQ,US,2024-12-31,,18156955648.0,17.793495,11.718926,14.342857,33.68233698340134,0.493,0.029497452,5.6,6.85387,4.09349593495935,5916000000.0,1453000000.0,0.25655,1079000000.0,0.1848,0.92619,0.16266582438408086,7953000000.0,3784000000.0,2657000000.0,4068000000.0,954000000.0,4000000.0,-5293200000.0,-0.29152464227025027
"White Mountains Insurance Group, Ltd.",WTM,Financial Services,NASDAQ,US,2024-12-31,,5558073856.0,1.0286525,24.277779,5.0786786,7.491395298404859,0.0023,0.0004702408,430.23,90.0,198.59997160628842,2354300000.0,,0.63717,230400000.0,0.29622,0.21110001,0.4517308777303135,4794600000.0,,,562500000.0,252300000.0,,,
UTime Limited,WTO,Technology,NASDAQ,US,2025-03-31,,1210258.0,-0.0011733457,,,-1.442585901057749,0.0,0.0,-26732.08,,-3881.9178780923235,250997000.0,-650169000.0,-2.6061099,-670087000.0,-2.6697,-5.94867,-0.6438888727103294,343888000.0,333739000.0,161665000.0,69304000.0,109213000.0,,-182223000.0,-150.56541663017308
"Essential Utilities, Inc.",WTRG,Utilities,NASDAQ,US,2024-12-31,,10592958464.0,1.553406,16.741455,15.591665,18.884521266928697,0.5496,0.03499602,2.4,2.23517,1.8614206882637983,2086113000.0,757668000.0,0.35532,595314000.0,0.28087,0.10286,0.3438709916493191,11827745000.0,974668000.0,485911000.0,7725177000.0,9156000.0,,-11341834000.0,-1.0706955982641715
"Watts Water Technologies, Inc.",WTS,Industrials,NASDAQ,US,2024-12-31,,10646919168.0,5.441776,28.295105,32.90928,26.55586056379997,0.19610001,0.00615285,9.7,11.28181,7.823880597014925,2252200000.0,397600000.0,0.18521999,291200000.0,0.13795,0.17812,0.7125156445556946,689100000.0,417900000.0,1083500000.0,197000000.0,386900000.0,,394400000.0,0.03704357981653458
"Select Water Solutions, Inc.",WTTR,Energy,NASDAQ,US,2024-12-31,,1563118208.0,1.673374,56.754143,67.84211,9.963889916737875,1.4736999,0.023294508,0.19,0.22712,0.72,1452075000.0,56084000.0,0.01653,30644000.0,0.014140001,0.02311,0.5807878607783752,450748000.0,233375000.0,385498000.0,132742000.0,19978000.0,,-65250000.0,-0.04174348406029187
Willis Towers Watson Public Limited Company,WTW,Financial Services,NASDAQ,US,2024-12-31,,31600873472.0,3.9343402,14.728682,20.285187,23.484898918838862,0.22629999,0.0,16.27,22.40798,9.952830188679245,9930000000.0,2139000000.0,0.35252,-98000000.0,0.16533001,0.20076,0.2868393482894404,19664000000.0,12598000000.0,15105000000.0,5931000000.0,1890000000.0,,-4559000000.0,-0.14426816410753673
The Western Union Company,WU,Financial Services,NASDAQ,US,2024-12-31,,3320103680.0,3.5387263,5.749119,4.4695654,5.912143164930253,0.4087,0.09371885,2.3,1.7881,1.6837009144701451,4209700000.0,725800000.0,0.19553,934200000.0,0.188,0.977,0.11575174720745475,7401600000.0,4087600000.0,5172000000.0,3132000000.0,2105600000.0,,-2229600000.0,-0.6715452934289088
TeraWulf Inc.,WULF,Financial Services,NASDAQ,US,2024-12-31,,5982964224.0,24.89547,-26.71028,,-8.63606188740823,0.0,0.0,-1.45,-0.535,-0.34969642648460064,140051000.0,-60592000.0,-0.12037,-72418000.0,0.0,-1.81955,0.3104020134321933,543066000.0,51845000.0,281431000.0,491248000.0,274065000.0,,-261635000.0,-0.0437299957353046
Wave Life Sciences Ltd.,WVE,Healthcare,NASDAQ,US,2024-12-31,,2498470656.0,17.310167,-11.063129,,-9.334449081234949,0.0,0.0,-0.65,-1.21575,-0.542078048607246,108302000.0,-110403000.0,-7.4070697,-97008000.0,-1.11641,-0.86506,0.5948632480331169,142692000.0,110953000.0,320394000.0,25404000.0,302078000.0,,177702000.0,0.07112430941434279
"Willamette Valley Vineyards, Inc.",WVVI,Consumer Defensive,NASDAQ,US,2024-12-31,,12907775.0,0.5724351,,,-22.07666755206855,0.0,0.0,-0.71,,-0.24143136237093185,39782442.0,571858.0,-0.14528,-117894.0,-0.03312,-0.017860001,0.6350719712514931,39783410.0,12980185.0,36919057.0,29575348.0,320883.0,,-2864353.0,-0.22190912066564533
"Willamette Valley Vineyards, Inc.",WVVIP,Consumer Defensive,NASDAQ,US,2024-12-31,,23280954.0,0.67151034,,22.592592,,,0.0,0.135,,,39782442.0,571858.0,-0.14528,-117894.0,-0.03312,-0.017860001,0.6350719712514931,39783410.0,12980185.0,36919057.0,29575348.0,320883.0,,-2864353.0,-0.12303417634861527
"WW International, Inc.",WW,Consumer Cyclical,NASDAQ,US,2024-12-31,,218613872.0,0.6768498,6.4763308,1.6154981,,0.0,0.0,13.55,3.38,,785921000.0,78811000.0,0.047399998,-345701000.0,1.48444,,-2.0251146697293723,1664648000.0,173331000.0,102648000.0,1483133000.0,53024000.0,,-1562000000.0,-7.145017769046238
"Woodward, Inc.",WWD,Industrials,NASDAQ,US,2025-09-30,,23308752896.0,8.97664,39.38716,48.991173,28.199388263535404,0.14109999,0.0029723202,7.93,9.86362,6.007522066877134,3567064000.0,478901000.0,0.16055,442111000.0,0.12893,0.20381,0.5542787771349611,2063753000.0,907389000.0,1884414000.0,722401000.0,327431000.0,,-179339000.0,-0.007694062432262356
"Westwater Resources, Inc.",WWR,Basic Materials,NASDAQ,US,2024-12-31,,107747984.0,0.6083944,30.44,,-3.8267776464713017,0.0,0.0,-0.26,0.03,-0.14895038215064405,0.0,-11468000.0,0.0,-12657000.0,0.0,-0.14203,0.9095704339389301,13235000.0,11762000.0,4863000.0,235000.0,4272000.0,,-8372000.0,-0.07769982963207925
"Wolverine World Wide, Inc.",WWW,Consumer Cyclical,NASDAQ,US,2024-12-31,,1523783168.0,4.0448213,13.725635,17.37383,-17.223071671787608,0.3738,0.022099447,1.07,1.3544,-0.4977969843609535,1755000000.0,101800000.0,0.08569,47900000.0,0.048499998,0.27628002,0.18414429530201343,1352300000.0,533100000.0,688500000.0,797700000.0,152100000.0,,-663800000.0,-0.4356262845922183
WF International Limited,WXM,Industrials,NASDAQ,US,2025-09-30,,3811206.0,0.6407246,,,,0.0,0.0,-0.53,,,13397793.0,-2869489.0,-0.54486,-3288107.0,-0.24542,-0.71913004,0.34748769105087,8938618.0,8715297.0,9677271.0,3532170.0,2913019.0,,738653.0,0.19381083048252967
Weyerhaeuser Company,WY,Real Estate,NASDAQ,US,2024-12-31,,19203735552.0,2.0363858,38.095783,59.2,49.68952158592687,1.8666999,0.031448897,0.45,0.69929,0.5432419196194014,,,-0.115509994,,0.046919998,0.03384,0.5878688921141751,6815000000.0,977000000.0,1748000000.0,5105000000.0,684000000.0,,-5067000000.0,-0.2638549143878567
"WhiteFiber, Inc.",WYFI,Technology,NASDAQ,US,2024-12-31,,710296704.0,1.4765768,-45.839508,,,0.0,0.0,-0.78,-0.405,,51176381.0,-4355168.0,-0.71874,-4236113.0,-0.34467,,0.7407351035455791,59406108.0,45760542.0,46504840.0,13383121.0,11671984.0,,-12901268.0,-0.018163209722566867
Wenyuan Group Corp.,WYGC,Consumer Defensive,NASDAQ,US,2024-12-31,,7675521.0,,,Infinity,-8.487137508592461,0.0,0.0,0.0,,-0.012960789110885558,60285.0,-848430.0,25.999222,-1171498.0,0.0,-3.05846,0.25903270905472686,307926.0,307926.0,123833.0,5575.0,27208.0,,-184093.0,-0.023984430503154117
Wing Yip Food Holdings Group Limited,WYHG,Consumer Defensive,NASDAQ,US,2024-12-31,,22850242.0,0.11542318,,5.044444,,0.0,0.0,0.09,,,144629055.0,15769799.0,0.00095,11249703.0,0.03937,0.03698,0.8049207516989103,37746096.0,31582415.0,112812138.0,24854909.0,87927726.0,,75066042.0,3.2851311596612414
"Wynn Resorts, Limited",WYNN,Consumer Cyclical,NASDAQ,US,2024-12-31,,12265071616.0,-32.82137,20.269783,26.155209,13.896713945316069,0.2217,0.008833922,4.51,5.8195,6.468424084001595,7127961000.0,1357181000.0,0.16931999,501078000.0,0.07092,,-0.01727243327785724,13946566000.0,1539534000.0,2921679000.0,12165624000.0,2426155000.0,,-11024887000.0,-0.8988848451253919
WYTEC INTERNATIONAL INC,WYTC,Unknown,NASDAQ,US,,,,-8.308457,,,,,0.0,,,,,,-194.32513,,0.0,,,,,,,,,,
WidePoint Corporation,WYY,Technology,NASDAQ,US,2024-12-31,,55389612.0,4.4479747,-560.0,,-4.888402380101437,0.0,0.0,-0.24,-0.01,-0.4582274197915479,142571749.0,-1880382.0,-0.01275,-1934279.0,-0.015470001,-0.17366,0.18971599757677074,58000547.0,52881953.0,55317773.0,4935171.0,6775139.0,,-2682774.0,-0.04843460539135028
"Longevity Health Holdings, Inc.",XAGE,Consumer Defensive,NASDAQ,US,2024-12-31,,516882.0,-0.12997311,,,-2.811468092013313,0.0,0.0,-5.1,,-42.042090850690855,50318.0,-4998498.0,-3.50885,-10368261.0,0.0,,-3.197236054763294,6186642.0,5876705.0,955554.0,638993.0,157139.0,,-5231088.0,-10.120468501514852
"Longevity Health Holdings, Inc.",XAGEW,Unknown,NASDAQ,US,2024-12-31,,,-0.0044802865,,,,,0.0,,,,50318.0,-4998498.0,-3.50885,-10368261.0,0.0,,-3.197236054763294,6186642.0,5876705.0,955554.0,638993.0,157139.0,,-5231088.0,
"Beyond Air, Inc.",XAIR,Healthcare,NASDAQ,US,2025-03-31,,12108745.0,0.7232704,-0.87121207,,-0.9577821442687747,0.0,0.0,-5.56,-1.32,-36.33394028621075,3705000.0,-44537000.0,-4.21397,-46625000.0,0.0,-1.7802299,0.45183287871731753,15721000.0,5000000.0,16018000.0,11688000.0,4665000.0,,297000.0,0.024527727687716605
"Xenetic Biosciences, Inc.",XBIO,Healthcare,NASDAQ,US,2024-12-31,,4765396.0,0.81123245,-3.151515,,-1.3343170547718268,0.0,0.0,-2.04,-0.66,-2.7055038247361294,2500284.0,-4204428.0,-0.53044,-3960275.0,-1.10401,-0.57425,0.8704237650010295,894263.0,894263.0,6587522.0,,6165568.0,,5693259.0,1.1947084775326122
XBiotech Inc.,XBIT,Healthcare,NASDAQ,US,2024-12-31,,72255920.0,0.43248174,18.230768,,-4.920824331182608,0.0,0.0,-0.95,0.13,-0.8067754021318885,0.0,-42471000.0,0.0,-38531000.0,0.0,-0.16233999,0.9154917551094213,16825000.0,15105000.0,174567000.0,10250000.0,172677000.0,,157742000.0,2.1831013984736476
"XBP Global Holdings, Inc.",XBP,Technology,NASDAQ,US,2024-12-31,,94130304.0,0.7212968,,,-11.464820505056055,0.0,0.0,-2.9,,-4.901952083606971,142772000.0,3472000.0,0.00694,-12366000.0,19.40818,22.32715,-0.24244420466806746,109391000.0,68765000.0,41338000.0,35392000.0,12099000.0,,-68053000.0,-0.7229659005456947
"XBP Global Holdings, Inc.",XBPEW,Unknown,NASDAQ,US,2024-12-31,,,0.006483566,,,,,0.0,,,,142772000.0,3472000.0,0.00694,-12366000.0,19.40818,22.32715,-0.24244420466806746,109391000.0,68765000.0,41338000.0,35392000.0,12099000.0,,-68053000.0,
XCBE,XCBE,Unknown,NASDAQ,US,,,,,,,,,,,,,,,,,,,,,,,,,,,
X3 Acquisition Corp. Ltd.,XCBEU,Unknown,NASDAQ,US,,,,9989.999,,,,,0.0,,,,,,,,,,,,,,,,,,
XCHG Limited,XCH,Industrials,NASDAQ,US,2024-12-31,,50414900.0,2.0142517,-8.48,,,0.0,0.0,-0.5,-0.1,,42203660.0,-11366977.0,-0.59725,-11940536.0,-0.5524,-0.85723,0.5164511940064613,27628914.0,26187771.0,54410523.0,10389764.0,26773902.0,,26781609.0,0.5312240825628931
Xcelerate Inc.,XCRT,Healthcare,NASDAQ,US,,,5213353.0,-4.0,,Infinity,,0.0,0.0,0.0,,,,,-0.10665,,-0.378,,,,,,,,,,
"Exicure, Inc.",XCUR,Healthcare,NASDAQ,US,2024-12-31,,25686694.0,3.7074518,-5.2337666,,-0.2795453811296549,0.0,0.0,-3.72,-0.77,-10.552848470479601,500000.0,-4949000.0,0.0,-9701000.0,0.0,-2.17871,0.4497874601487779,8284000.0,3071000.0,13673000.0,5935000.0,12508000.0,,5389000.0,0.20979733709600776
Xcel Energy Inc.,XEL,Utilities,NASDAQ,US,2024-12-31,,44897869824.0,2.119342,16.774555,22.192982,18.878001701733297,0.6667,0.029952705,3.42,4.52471,3.438721136767318,,,0.16540001,,0.13757,0.09916,0.2787463411151567,50513000000.0,6459000000.0,4325000000.0,30208000000.0,179000000.0,,-46188000000.0,-1.0287347747467157
"Exela Technologies, Inc.",XELA,Technology,NASDAQ,US,2023-12-31,,305261.0,-7.525432e-05,-0.007971015,,-0.012301458241546381,0.0,0.0,-16.63,-1.38,-1349.4335432043044,1064124000.0,8051000.0,0.0013799999,-125156000.0,-0.09663,,-1.3444181306446112,1495172000.0,394882000.0,181208000.0,1108966000.0,23341000.0,,-1313964000.0,-4304.395255207838
"Xcel Brands, Inc.",XELB,Consumer Cyclical,NASDAQ,US,2024-12-31,,9547980.0,0.41645244,-0.7902439,,-1.209683184038612,0.0,0.0,-8.08,-2.05,-10.680482498863563,8259000.0,-9891000.0,-1.7424,-22395000.0,0.0,-0.85100996,0.5659647295185654,25358000.0,10394000.0,4043000.0,13379000.0,1254000.0,,-21315000.0,-2.2324093682642823
Xcel Energy Inc.,XELLL,Unknown,NASDAQ,US,,,,0.69416136,,,,,0.09167671,,,,,,0.16540001,,0.13757,0.09916,,,,,,,,,
Xenon Pharmaceuticals Inc.,XENE,Healthcare,NASDAQ,US,2024-12-31,,3197639936.0,5.703653,-9.006833,,-16.979603825079575,0.0,0.0,-3.89,-4.59429,-2.726800914440273,0.0,-279298000.0,-45.43733,-234330000.0,0.0,-0.45138,0.9458289846756016,43236000.0,35590000.0,635264000.0,9015000.0,142712000.0,127496000.0,681275200.0,0.2130556327902955
"Xeriant, Inc.",XERI,Industrials,NASDAQ,US,2024-06-30,,7105527.0,-2.2499998,,Infinity,-2.74291104025333,0.0,0.0,0.0,,-0.006926946995443785,,,0.0,,0.0,,-8.067984095483201,9325459.0,9325459.0,664211.0,8018726.0,653117.0,,-8661248.0,-1.21894519576099
"Xeris Biopharma Holdings, Inc.",XERS,Healthcare,NASDAQ,US,2024-12-31,,1163129344.0,-1402.0001,22.289349,,-5.219061088705048,0.0,0.0,-0.1,0.3145,-0.45218859388392174,203070000.0,-33646000.0,0.09049,-54836000.0,-0.058769997,,-0.09167027796694112,352675000.0,100443000.0,167662000.0,271447000.0,71621000.0,,-185013000.0,-0.15906485461345218
XFLH,XFLH,Unknown,NASDAQ,US,,,,,,,,,,,,,,,,,,,,,,,,,,,
XAI Octagon Floating Rate & Alternative Income Trust,XFLT,Financial Services,NASDAQ,US,2025-09-30,,319849280.0,,,26.25,5.492227402343204,5.6063,0.0,0.16,,1.0099999966928699,19545589.0,,0.0,9883568.0,0.0,,0.6028276774756287,293351255.0,,,201284964.0,6908460.0,717801743.0,,
"X4 Pharmaceuticals, Inc.",XFOR,Healthcare,NASDAQ,US,2024-12-31,,311274592.0,1.4530612,-3.2962961,,-1.5185778553500695,0.0,0.0,-8.92,-1.08,-17.06860137922843,2557000.0,-141401000.0,-12.80963,-37450000.0,-2.7986403,-1.56871,0.15124242900161833,124298000.0,32877000.0,112175000.0,78086000.0,55699000.0,,-12123000.0,-0.03894632042437952
Exagen Inc.,XGN,Healthcare,NASDAQ,US,2024-12-31,,79547480.0,4.354839,-7.6973686,,-1.515020368280062,0.0,0.0,-0.93,-0.456,-1.3399159601361286,55641000.0,-13636000.0,-0.17977,-15115000.0,-0.29936,-1.22808,0.21347535187630065,35149000.0,13506000.0,36455000.0,23005000.0,22036000.0,,1306000.0,0.01641786766846668
XChange TEC.INC,XHG,Financial Services,NASDAQ,US,2025-09-30,,48532376.0,-0.3825927,,Infinity,-0.569634425383893,0.0,0.0,0.0,,-684.6496325027543,365267.0,-34386.0,-0.10902,-748414.0,-2.04895,,-12.686197353627952,949521000.0,949168000.0,39860000.0,701106000.0,10879000.0,,-909661000.0,-18.74338482830513
"TEN Holdings, Inc.",XHLD,Communication Services,NASDAQ,US,2024-12-31,,9108651.0,1.9690123,1.8484849,,,0.0,0.0,-5.46,1.65,,3504000.0,-2728000.0,-3.5488,-2968000.0,0.0,-7.0975,-0.24906600249066002,8024000.0,7522000.0,1787000.0,6190000.0,48000.0,,-6237000.0,-0.6847336669282861
"Xenia Hotels & Resorts, Inc.",XHR,Real Estate,NASDAQ,US,2024-12-31,,1580994560.0,1.252919,58.716988,27.785715,72.6520176895643,0.9643,0.035248045,0.56,0.265,0.17656637978550163,1039047000.0,85017000.0,0.02175,16143000.0,0.05244,0.04737,0.43900832598770456,1551283000.0,115462000.0,169340000.0,1334703000.0,78201000.0,,-1381943000.0,-0.8740972517957304
"XPLR Infrastructure, LP",XIFR,Utilities,NASDAQ,US,2024-12-31,,946241024.0,0.29972914,3.4965274,,12.21638091278076,5.8115,0.0,-1.63,2.88,2.183406113537118,1230000000.0,103000000.0,0.022219999,-23000000.0,-0.13788,-0.059070002,,7426000000.0,1087000000.0,860000000.0,5314000000.0,283000000.0,,-6566000000.0,-6.939035439664049
"Xenous Holdings, Inc.",XITO,Financial Services,NASDAQ,US,2025-03-31,,4333425.0,-5.7,,Infinity,-262.3772457781059,0.0,0.0,0.0,,-8.384873396908912e-05,0.0,-64456.0,0.0,-64456.0,0.0,,,903622.0,903622.0,,879718.0,,,,
"Goldwind Science&Technology Co., Ltd.",XJNGF,Industrials,NASDAQ,US,2024-12-31,,14600677376.0,1.3730099,,19.999998,1.3813799807143268,0.2305,0.067632854,0.09,,0.2879000000194024,56699162790.54,2159815968.62,0.041729998,1860446163.08,0.03844,0.06534,0.24821699675986125,114797204198.26,71873939894.39,68600887505.1,39538532046.05,11619404073.57,3727012020.33,-43587408278.929,-2.9853004183611516
"Xilio Therapeutics, Inc.",XLO,Healthcare,NASDAQ,US,2024-12-31,,36532888.0,-3.4673076,-0.9325862,,-0.20513037005042298,0.0,0.0,-0.61,-0.58,-2.778720638525301,6344000.0,-59645000.0,-0.101169996,-58241000.0,-1.8390499,-9.0828495,0.24759760816039394,53477000.0,27261000.0,60234000.0,8142000.0,55291000.0,,6757000.0,0.18495663414291255
"Xometry, Inc.",XMTR,Industrials,NASDAQ,US,2024-12-31,,3383882752.0,12.390692,87.11541,,-27.098644192092987,0.0,0.0,-1.25,0.75796,-1.4081885269576209,545529000.0,-56067000.0,-0.06143,-50401000.0,-0.098009996,-0.21378,0.46234317313333206,364533000.0,74787000.0,327540000.0,295136000.0,22232000.0,,-36993000.0,-0.010932116361932389
"Xencor, Inc.",XNCR,Healthcare,NASDAQ,US,2024-12-31,,829075584.0,1.3245864,-4.4293365,,-9.734478502520293,0.0,0.0,-1.73,-2.62116,-2.2004260496079198,110493000.0,-178408000.0,-2.2629201,-232618000.0,-0.87139,-0.19564,0.7118173844077126,277919000.0,87432000.0,577601000.0,231953000.0,40875000.0,256833000.0,479465100.0,0.5783128936046439
SUPA Consolidated Inc.,XNDA,Technology,NASDAQ,US,2024-12-31,,54677068.0,13.428571,,Infinity,-4.296033639278824,0.0,0.0,0.0,,-0.004655456924290418,0.0,-88196.0,0.0,52842.0,0.0,-0.060349997,0.8405998,797001.0,797001.0,0.0,368225.0,0.0,,-797001.0,-0.014576513137097988
Xunlei Limited,XNET,Technology,NASDAQ,US,2024-12-31,,362840672.0,0.2278889,,,7.766266062600751,0.0,0.0,-0.05,,0.21760779808443947,323140000.0,6101000.0,0.02165,1215000.0,3.15305,1.3098199,0.671144395137381,156116000.0,126736000.0,363032000.0,29628000.0,177329000.0,,206916000.0,0.5702668305057047
"Goldwind Science&Technology Co., Ltd.",XNJJY,Unknown,NASDAQ,US,2024-12-31,,5070081024.0,9.153399,,12.765958,4.052116459999722,,0.011666667,,,2.8789999983258077,56699162790.54,2159815968.62,,1860446163.08,,,0.24821699675986125,114797204198.26,71873939894.39,68600887505.1,39538532046.05,11619404073.57,3727012020.33,-43587408278.929,-8.596984559536894
Exxon Mobil Corporation,XOM,Energy,NASDAQ,US,2024-12-31,,628568555520.0,2.4013598,17.866219,22.213116,10.515978296264546,0.597,0.027382256,6.71,8.34256,8.886969397828233,339247000000.0,39652000000.0,0.097200006,33680000000.0,0.089049995,0.110810004,0.5815204807321241,182869000000.0,70307000000.0,91990000000.0,41710000000.0,23029000000.0,343000000.0,-90638900000.0,-0.1441989090991301
XOMA Royalty Corporation,XOMA,Healthcare,NASDAQ,US,2024-12-31,,307843936.0,3.4822805,11.616822,33.146667,-5.320975389438782,0.0,0.0,0.75,2.14,-3.5594978641792347,10220000.0,-9072000.0,-0.14222999,-13821000.0,0.45941,0.22453,0.37021922748410363,139356000.0,24374000.0,125604000.0,119198000.0,101654000.0,,-13752000.0,-0.04467198600267377
XOMA Royalty Corporation,XOMAO,Healthcare,NASDAQ,US,2024-12-31,,,3.536924,,25.224873,,,0.0,1.001,,,10220000.0,-9072000.0,-0.14222999,-13821000.0,0.45941,0.22453,0.37021922748410363,139356000.0,24374000.0,125604000.0,119198000.0,101654000.0,,-13752000.0,
XOMA Royalty Corporation,XOMAP,Healthcare,NASDAQ,US,2024-12-31,,,3.634963,,25.924076,,,0.0,1.001,,,10220000.0,-9072000.0,-0.14222999,-13821000.0,0.45941,0.22453,0.37021922748410363,139356000.0,24374000.0,125604000.0,119198000.0,101654000.0,,-13752000.0,
"Xtreme One Entertainment, Inc.",XONI,Communication Services,NASDAQ,US,,,9605641.0,-0.001261284,,,,,0.0,,,,,,-4798.7676,,0.0,,,,,,,,,,
"Xos, Inc.",XOS,Industrials,NASDAQ,US,2024-12-31,,25728616.0,0.8248546,-0.6185286,,-0.6127079421265547,0.0,0.0,-4.22,-3.67,-13.105754276827371,55961000.0,-45874000.0,-0.42388,-50159000.0,-0.66128,-0.84367996,0.34179776880599594,64723000.0,46669000.0,82301000.0,43007000.0,10996000.0,,17578000.0,0.6832081445811155
"Xos, Inc.",XOSWW,Unknown,NASDAQ,US,2024-12-31,,,0.007954545,,,,,0.0,,,,55961000.0,-45874000.0,,-50159000.0,,,0.34179776880599594,64723000.0,46669000.0,82301000.0,43007000.0,10996000.0,,17578000.0,
XP Inc.,XP,Financial Services,NASDAQ,US,2024-12-31,,10060166144.0,2.2717922,9.662487,10.832402,3.4652398970111316,0.4275,0.07725322,1.79,2.0067296,7.1639397881707865,7424856000.0,-3915779000.0,0.29072002,4513409000.0,0.29369,0.22513,0.05768647874342695,327409523000.0,196140399000.0,158062038000.0,115133837000.0,5610548000.0,4149819000.0,-166442611700.0,-16.544717981548278
Xpand Boom Technology Inc,XPD,Unknown,NASDAQ,US,2024-06-30,,,,,,,,,,,,12616504.0,1625257.0,,1315097.0,,,0.3590499673717852,10533253.0,10533253.0,15978469.0,4516966.0,116126.0,,5445216.0,
"XPEL, Inc.",XPEL,Consumer Cyclical,NASDAQ,US,2024-12-31,,1437349760.0,5.3376503,21.458677,30.547058,28.267278288205464,0.0,0.0,1.7,2.42,1.910689730042701,420400000.0,59147000.0,0.13356,45489000.0,0.10123,0.19013001,0.7893889155377845,60152000.0,41518000.0,168344000.0,21084000.0,22087000.0,,108192000.0,0.07527186702281843
Xperi Inc.,XPER,Technology,NASDAQ,US,2024-12-31,,249284368.0,0.5915338,5.4814057,33.625,-3.5042314049346164,0.0,0.0,0.16,0.9815,-3.1761601413559006,493688000.0,-85540000.0,-0.012200001,-14008000.0,0.01534,0.06104,0.6425616988139451,238683000.0,185349000.0,304872000.0,85285000.0,130564000.0,,66189000.0,0.2655160471193284
XPeng Inc.,XPEV,Consumer Cyclical,NASDAQ,US,2024-12-31,,17215055872.0,3.9057837,47.087265,,-1.1971612186718885,0.0,0.0,-0.65,0.37632254,-11.919865290653654,40866309000.0,-6892383000.0,-0.03323,-5790264000.0,-0.04042,-0.092,0.37814364489779806,51431317000.0,39864883000.0,49736069000.0,15938445000.0,18586274000.0,4741204000.0,1623594800.0,0.09431249088425846
Solitario Resources Corp.,XPL,Basic Materials,NASDAQ,US,2024-12-31,,67685128.0,2.7274725,-8.273333,,-10.437802213189064,0.0,0.0,-0.06,-0.09,-0.05460919657274195,0.0,-6054000.0,0.0,-5368000.0,0.0,-0.20207001,0.9774305555555556,520000.0,368000.0,5992000.0,50000.0,81000.0,,5472000.0,0.08084493834450605
XPeng Inc.,XPNGF,Consumer Cyclical,NASDAQ,US,2024-12-31,,16292127744.0,1.7633336,,,-1.1510197409618173,0.0,0.0,-0.32,,-5.959932648750263,40866309000.0,-6892383000.0,-0.03323,-5790264000.0,-0.04042,-0.092,0.37814364489779806,51431317000.0,39864883000.0,49736069000.0,15938445000.0,18586274000.0,4741204000.0,1623594800.0,0.09965517245578503
"XPO, Inc.",XPO,Industrials,NASDAQ,US,2025-12-31,,23900610560.0,12.80083,35.325104,76.83396,41.11317715903585,0.0,0.0,2.65,5.76389,3.225,8157000000.0,729000000.0,0.08104999,316000000.0,0.03874,0.18255,0.22711740297778862,6333000000.0,1555000000.0,1630000000.0,4090000000.0,310000000.0,,-4703000000.0,-0.19677321582198107
"Xponential Fitness, Inc.",XPOF,Consumer Cyclical,NASDAQ,US,2024-12-31,,418154848.0,-1.3037511,9.86808,,-24.93140566821788,0.0,0.0,-1.67,0.86643,-0.5182218864122906,320346000.0,17823000.0,0.29740998,-64949000.0,-0.15647,,-0.5368681472593996,714212000.0,107887000.0,84147000.0,379623000.0,16676000.0,,-630065000.0,-1.5067743516870573
Expion360 Inc.,XPON,Industrials,NASDAQ,US,2024-12-31,,7532257.0,0.7478427,-0.065,0.0001000132,-4.923921250748028,0.0,0.0,7798.97,-12.0,-108.24706018988995,5624939.0,-6753991.0,-1.25447,-13479475.0,-0.21764,-0.35472,0.2765144078631546,6589064.0,5847888.0,7841195.0,1029087.0,547565.0,,1252131.0,0.16623583077422877
Expro Group Holdings N.V.,XPRO,Energy,NASDAQ,US,2024-12-31,,1925782784.0,1.2606885,17.175257,27.766665,-75.9831014882309,0.0,0.0,0.6,0.97,-0.21399495296201307,1712802000.0,127548000.0,0.08151,51918000.0,0.041490003,0.04596,0.6391505441729972,842057000.0,484430000.0,964046000.0,203046000.0,183036000.0,,121989000.0,0.06334515035315634
Federated Project & Trade Finance Tender Fund,XPTFX,Unknown,NASDAQ,US,,,,,,,,,0.0,,,,,,,,,,,,,,,,,,
DENTSPLY SIRONA Inc.,XRAY,Healthcare,NASDAQ,US,2024-12-31,,2745835008.0,1.8572007,9.184968,,-53.11251565181848,0.2883,0.051077414,-4.4,1.4981,-0.6226415094339622,3793000000.0,188000000.0,0.05088,-910000000.0,-0.24338,-0.44404998,0.33756301060316357,3810000000.0,1589000000.0,1746000000.0,2272000000.0,272000000.0,,-2064000000.0,-0.7516839118106254
Bitwise XRP ETF,XRP,Unknown,NASDAQ,US,,,,,,,,,0.0,,,,,,,,,,,,,,,,,,
Armada Acquisition Corp. II,XRPN,Financial Services,NASDAQ,US,2025-09-30,,404172800.0,-31.90031,,93.090904,,0.0,0.0,0.11,,,0.0,-1706183.0,0.0,1771983.0,0.0,,0.9544387217918249,10715994.0,1478430.0,548532.0,,361105.0,,-10167462.0,-0.02515622525810742
Armada Acquisition Corp. II,XRPNU,Financial Services,NASDAQ,US,2025-09-30,,,-33.364487,,,,,0.0,,,,0.0,-1706183.0,0.0,1771983.0,0.0,,0.9544387217918249,10715994.0,1478430.0,548532.0,,361105.0,,-10167462.0,
Armada Acquisition Corp. II,XRPNW,Unknown,NASDAQ,US,2025-09-30,,,-2.4034266,,,,,0.0,,,,0.0,-1706183.0,0.0,1771983.0,0.0,,0.9544387217918249,10715994.0,1478430.0,548532.0,,361105.0,,-10167462.0,
Franklin XRP ETF,XRPZ,Unknown,NASDAQ,US,,,,,,,,,0.0,,,,,,,,,,,,,,,,,,
XORTX Therapeutics Inc.,XRTX,Healthcare,NASDAQ,US,2024-12-31,,2787672.0,1.0564644,-1.1391854,,-1.845767074254349,0.0,0.0,-0.4,-0.35147923,-1.0889781373282186,0.0,-4118319.0,0.0,-3313346.0,0.0,-0.94628,0.8148772739806087,757990.0,757990.0,2676698.0,38785.0,2473649.0,,1918708.0,0.6882832700547267
Xerox Holdings Corporation,XRX,Industrials,NASDAQ,US,2024-12-31,,298982752.0,0.6732988,2.018604,,-0.7774987088217147,0.94339997,0.09433963,-8.25,1.15674,-10.635214555993882,,,0.013309999,,-0.14654,-1.04097,0.15421398684997012,7061000000.0,2619000000.0,2935000000.0,3588000000.0,576000000.0,,-4126000000.0,-13.800127172553418
Voya Credit Income A,XSIAX,Unknown,NASDAQ,US,,,,0.96292484,,,,,0.08993576,,,,,,,,,,,,,,,,,,
XSLL,XSLL,Unknown,NASDAQ,US,,,,,,,,,,,,,,,,,,,,,,,,,,,
Xtra-Gold Resources Corp.,XTGRF,Basic Materials,NASDAQ,US,2024-12-31,,104737472.0,6.5507245,,37.666668,-223.52383535429294,0.0,0.0,0.06,,-0.003579036708335384,0.0,-1666704.0,0.0,1675412.0,0.0,0.24392,0.8338463493979317,1991105.0,1991105.0,12745891.0,,8176313.0,,10754786.0,0.10268326888775776
"XTI Aerospace, Inc.",XTIA,Industrials,NASDAQ,US,2024-12-31,,55904248.0,4.7787614,-2.53125,0.0057395925,-2.186348041171308,0.0,0.0,282.25,-0.64,-640.3372078170903,3202000.0,-27983000.0,-5.96176,-35603000.0,0.0,-7.04798,0.27063521468856777,17717000.0,17421000.0,8581000.0,3072000.0,4105000.0,,-9136000.0,-0.16342228590571506
"X3 Holdings Co., Ltd.",XTKG,Technology,NASDAQ,US,2024-12-31,,7812686.0,0.04006994,,,-0.018656379959698252,0.0,0.0,-285.96,,-427.79639178275755,11611442.0,-18917126.0,-1.90062,-76237228.0,0.0,-0.97446996,0.5317934243408177,36487552.0,34457791.0,25497485.0,11392222.0,4193839.0,,-10990067.0,-1.4066950854034068
XTL Biopharmaceuticals Ltd.,XTLB,Healthcare,NASDAQ,US,2024-12-31,,10124805.0,,,,-3.057834455667789,0.0,0.0,-0.9,,-0.3270288220300709,451000.0,-2172000.0,-8.53578,-1027000.0,0.0,-5.7712703,0.6356725146198831,3115000.0,2207000.0,1340000.0,138000.0,371000.0,14000.0,-1765200.0,-0.17434409847893367
"Xtant Medical Holdings, Inc.",XTNT,Healthcare,NASDAQ,US,2024-12-31,,82784512.0,1.6424999,59.13,59.13,230.53331461511598,0.0,0.0,0.01,0.01,0.005205321624283071,117267000.0,-12074000.0,0.076409996,-16449000.0,0.01316,0.03644,0.45784711787461235,50874000.0,28581000.0,67116000.0,35143000.0,6199000.0,,16242000.0,0.19619611939006176
Xtract One Technologies Inc.,XTRAF,Technology,NASDAQ,US,2024-07-31,,102187184.0,12.864541,,,-9.79971073503266,0.0,0.0,-0.04,,-0.05428731721063762,,,-0.66021,,-0.80538005,-1.08121,0.5601296519108001,10971321.0,7625216.0,17499287.0,380926.0,8628521.0,,6527966.0,0.06388243363277336
Adastra Holdings Ltd.,XTXXF,Healthcare,NASDAQ,US,2024-12-31,,418959.0,-0.081144795,,,-2.3685255097693925,0.0,0.0,-1.89,,-0.6333054019528145,24843381.0,-971702.0,-0.072909996,-13235414.0,-0.85918,-2.30088,0.0749516964008933,17892510.0,14353581.0,10303847.0,3620961.0,1296727.0,,-7588663.0,-18.113139949255178
"XWELL, Inc.",XWEL,Healthcare,NASDAQ,US,2024-12-31,,2358581.0,-0.37249544,-0.1555133,,-0.2543571622835516,0.0,0.0,-3.34,-2.63,-6.644200784629313,33897000.0,-12101000.0,-0.03839,-16853000.0,-0.51848,-1.5898801,-0.031082360366046072,17610000.0,9224000.0,15337000.0,10767000.0,4550000.0,,-2273000.0,-0.963715047310226
XMax Inc.,XWIN,Consumer Cyclical,NASDAQ,US,2024-12-31,,258425696.0,15.541561,,205.66667,-0.9472439157612772,0.0,0.0,0.03,,-4.961762995846597,9686975.0,-5363355.0,-0.0502,-5561705.0,-0.16655001,-0.44524,0.3149528157724356,6793889.0,5825319.0,7931483.0,2116328.0,161902.0,,1137594.0,0.004402015811926071
Aei Income & Growth Fund LP,XXAAU,Unknown,NASDAQ,US,,,,,,,,,,,,,,,,,,,,,,,,,,,
Xinxu Copper Industry Technology Ltd,XXC,Unknown,NASDAQ,US,2025-06-30,,,,,,,,,,,,113333444.0,1594592.0,,1308714.0,,,0.137057968522001,32203162.0,30957830.0,31634483.0,15166557.0,188550.0,,-568679.0,
"Twenty One Capital, Inc.",XXI,Financial Services,NASDAQ,US,,,2256028672.0,,,,,,0.0,,,,,,0.0,,0.0,,,,,,,,,,
"22nd Century Group, Inc.",XXII,Consumer Defensive,NASDAQ,US,2024-12-31,,2964134.0,0.1473273,-0.38073394,,-0.058949014828627244,0.0,0.0,-36.86,-15.26,-2427155.172413793,11878000.0,-13820000.0,-2.14419,-15164000.0,-0.33431998,-1.18652,0.1851151201956351,17661000.0,9962000.0,11522000.0,8617000.0,4422000.0,,-6139000.0,-2.071093951892863
X Financial,XYF,Financial Services,NASDAQ,US,2024-12-31,,215047024.0,0.18318287,14.216217,0.8930391,0.1371130419398073,0.092700005,0.7596869,5.89,0.37,24.484011970407288,2559093547.0,,0.62299997,1539905765.0,0.22753,0.24189,0.5882887107051793,4866134961.0,,,341232875.0,2942908653.0,513475537.0,,
XYJG,XYJG,Unknown,NASDAQ,US,,,,,,,,,,,,,,,,,,,,,,,,,,,
Xylem Inc.,XYL,Industrials,NASDAQ,US,2024-12-31,,34601820160.0,3.0878868,25.60158,36.628864,40.034474517872376,0.4021,0.011203676,3.88,5.55122,2.7910174152153986,8562000000.0,1071000000.0,0.15653,890000000.0,0.10659,0.08555,0.6452434366094707,5611000000.0,2336000000.0,4098000000.0,2125000000.0,1121000000.0,,-1513000000.0,-0.0437260234578365
"XY Labs, Inc.",XYLB,Technology,NASDAQ,US,,,2039568.0,,,,,,0.0,,,,,,0.0,,0.0,,,,,,,,,,
"Block, Inc.",XYZ,Technology,NASDAQ,US,2024-12-31,,34118416384.0,1.5150367,17.32533,11.26157,4996.014076104869,0.0,0.0,4.97,3.23053,0.015914687373783435,24121053000.0,1686548000.0,0.06871,2897047000.0,0.13081001,0.14692001,0.5782850129270279,15542633000.0,8546798000.0,19880201000.0,7918613000.0,12258119000.0,717534000.0,4839841800.0,0.14185423337144298
"Mitsui Kinzoku Company, Limited",XZJCF,Industrials,NASDAQ,US,2025-03-31,,10532547584.0,3.405914,,25.08077,-1.5119593885318199,0.2328,1.4568318,5.2,,454.7099988085055,712344000000.0,74743000000.0,0.15132,64662000000.0,0.06407,0.14661,0.5039091472830515,317090000000.0,189472000000.0,370889000000.0,168136000000.0,44469000000.0,64220000000.0,98753000000.0,9.375984225318454
"Exzeo Group, Inc.",XZO,Financial Services,NASDAQ,US,2023-12-31,,1598561792.0,18.57595,18.536842,22.0125,,0.0,0.0,0.8,0.95,,,,0.50391,,0.34397998,,,,,,,,,,
Youxin Technology Ltd,YAAS,Technology,NASDAQ,US,2025-09-30,,17045404.0,1.815681,,,,0.0,0.0,-1.04,,,539474.0,-2855315.0,-8.17422,-9646142.0,0.0,-3.52306,0.7598281524055008,2588833.0,2553527.0,10476545.0,400361.0,9912327.0,,7887712.0,0.46274714286619434
Yalla Group Limited,YALA,Technology,NASDAQ,US,2024-12-31,,1127967488.0,1.3968128,7.6344085,8.658537,9.466279212677494,0.0,0.0,0.82,0.93,0.6454489664040047,339675845.0,122201773.0,0.37674,135684241.0,0.42294,0.20196,0.8786496208364191,103822653.0,101661136.0,691702024.0,1025976.0,488379894.0,,587879371.0,0.5211846770888489
"Yamaha Motor Co., Ltd.",YAMHF,Consumer Cyclical,NASDAQ,US,2024-12-31,,6816113664.0,0.9661483,,21.968752,0.055376144055666966,0.9988,3.7147102,0.32,,157.84369347838165,2576179000000.0,174453000000.0,0.04077,108069000000.0,0.0061299996,0.0233,0.41730468212513666,1556916000000.0,1147861000000.0,1608368000000.0,951973000000.0,372999000000.0,84827000000.0,110830900000.0,16.260130840447204
Yara International ASA,YARIY,Basic Materials,NASDAQ,US,2024-12-31,,12002671616.0,0.71469736,13.462857,16.248276,182.88164715363106,0.1713,0.018965516,1.45,1.75,0.09421902414239616,13868000000.0,702000000.0,0.11468001,14000000.0,0.04876,0.09178001,0.4660530879018274,7990000000.0,3117000000.0,5700000000.0,4048000000.0,232000000.0,65000000.0,-2244500000.0,-0.18700003397643566
Yuanbao Inc.,YB,Technology,NASDAQ,US,2024-12-31,,936349632.0,2.1182394,,3.479452,,0.0,0.0,5.84,,,3284525000.0,858606000.0,0.30618998,865846000.0,0.30892,0.56562,-0.5877728770632168,4413437000.0,940811000.0,2672813000.0,19161000.0,1904674000.0,,-1740624000.0,-1.858946637573944
Yubo International Biotech Limited,YBGJ,Healthcare,NASDAQ,US,2024-12-31,,1959839.0,-1.15,,,-30.07844511918848,0.0,0.0,-0.02,,-0.00997392021868659,3470.0,-1769919.0,69734.22,-1775303.0,0.0,,-2.2311674705553903,4832522.0,4721749.0,682751.0,478765.0,7015.0,,-4149771.0,-2.1174040316577023
"cbdMD, Inc.",YCBD,Healthcare,NASDAQ,US,2025-09-30,,9686354.0,1.1393827,-1.0369663,,-0.5477920035315115,0.0,0.0,-1.09,-0.89,-6.863919090135029,19190468.0,-2162590.0,-0.14528,-2040902.0,-0.106350005,-0.44417998,0.6934876846817883,3193843.0,3193843.0,6551429.0,778240.0,2261242.0,700000.0,3847586.0,0.39721715725029255
ProShares Ultra Yen,YCL,Unknown,NASDAQ,US,,,,,,,,,,,,,,,,,,,,,,,,,,,
ProShares UltraShort Yen,YCS,Unknown,NASDAQ,US,,,,,,,,,,,,,,,,,,,,,,,,,,,
AA Mission Acquisition Corp. II,YCY,Financial Services,NASDAQ,US,,,148236624.0,-233.95349,,,,,0.0,,,,,,0.0,,0.0,,,,,,,,,,
AA Mission Acquisition Corp. II,YCY-UN,Financial Services,NASDAQ,US,,,,-235.58139,,,,,0.0,,,,,,0.0,,0.0,,,,,,,,,,
AA Mission Acquisition Corp. II WT,YCY-WT,Unknown,NASDAQ,US,,,,,,,,,,,,,,,,,,,,,,,,,,,
One and one Green Technologies. Inc,YDDL,Industrials,NASDAQ,US,2024-12-31,,357837024.0,13.559671,,43.933334,,0.0,0.0,0.15,,,53463785.0,8086750.0,0.20278,6476772.0,0.12562001,0.3781,0.5681878668607147,15768966.0,15677069.0,24750653.0,785070.0,1847634.0,,8981687.0,0.025099937674420186
YD Bio Ltd,YDES,Healthcare,NASDAQ,US,2024-12-31,,795480896.0,2.4677312,,,,0.0,0.0,-0.02,,,510360.0,-1462423.0,-4.44588,-1411559.0,-2.76581,-0.42689,0.960085813025387,273980.0,263060.0,3467882.0,22555.0,3132298.0,,3193902.0,0.004015058081294261
YD Bio Limited,YDESW,Unknown,NASDAQ,US,2024-12-31,,,0.20126887,,,,,0.0,,,,510360.0,-1462423.0,-4.44588,-1411559.0,-2.76581,-0.42689,0.960085813025387,273980.0,263060.0,3467882.0,22555.0,3132298.0,,3193902.0,
Yueda Digital Holding,YDKG,Communication Services,NASDAQ,US,2024-12-31,,4757446.0,0.016721535,,,-8.1281393728223,0.0,0.0,-98.07,,-8.73508643778914,343000.0,-6780000.0,-0.15317,-13651000.0,-2.7118301,,0.1814513450680837,82226000.0,78595000.0,25955000.0,0.0,113000.0,,-56271000.0,-11.827985015489404
Yelp Inc.,YELP,Communication Services,NASDAQ,US,2024-12-31,,1539941248.0,2.067039,5.984766,10.901786,35.07150975035098,0.0,0.0,2.24,4.08036,1.3475324745910104,1412064000.0,151045000.0,0.14004,132850000.0,0.10227,0.20374,0.7563989031758894,239598000.0,154974000.0,516879000.0,43149000.0,217325000.0,,277281000.0,0.1800594667881771
"YETI Holdings, Inc.",YETI,Consumer Cyclical,NASDAQ,US,2024-12-31,,3829722368.0,5.2394714,16.549028,24.557293,26.98979486111289,0.0,0.0,1.92,2.84911,1.9436975847510956,1829873000.0,245376000.0,0.11143,175689000.0,0.08754,0.21774,0.575457189064784,546013000.0,379504000.0,826766000.0,172503000.0,358795000.0,,280753000.0,0.07330896942971298
"Yext, Inc.",YEXT,Technology,NASDAQ,US,2025-01-31,,603860352.0,3.882726,8.200836,Infinity,-295.2838513818944,0.0,0.0,0.0,0.5975,-0.021199941004513983,420957000.0,-32448000.0,-0.26917,-27948000.0,0.058930002,0.16743,0.25110395719891554,456885000.0,344714000.0,285801000.0,95413000.0,123133000.0,,-171084000.0,-0.28331716005756247
MingZhu Logistics Holdings Limited,YGMZF,Industrials,NASDAQ,US,2024-12-31,,16829.0,0.0002131547,,0.00074626866,-1.3199916587974598,0.0,0.0,4.69,,-47.70939370698328,40429750.0,-4034531.0,-0.07542,-6187511.0,-0.076069996,-0.03991,0.4954324115505588,45578500.0,44983777.0,44973167.0,3710133.0,698239.0,,-605333.0,-35.96963574781627
YGSHY,YGSHY,Unknown,NASDAQ,US,,,,,,,,,,,,,,,,,,,,,,,,,,,
LQR House Inc.,YHC,Consumer Defensive,NASDAQ,US,2024-12-31,,19227452.0,0.4643447,,,-0.15203174671777187,0.0,0.0,-92.94,,-595.4896577802988,2501660.0,-18487319.0,-11.3479,-22754178.0,0.0,-1.9840801,-0.07471416075543723,7450529.0,7450529.0,5805068.0,0.0,5386789.0,,-1645461.0,-0.08557873398929822
Yunhong Green CTI Ltd.,YHGJ,Consumer Cyclical,NASDAQ,US,2024-12-31,,9347921.0,1.0286934,,,-176.1551365521857,0.0,0.0,-0.27,,-0.12034846770794551,17953000.0,-612000.0,-0.33288,-1499000.0,-0.03762,-0.07121,0.41844553913519433,14875000.0,11405000.0,14528000.0,11478000.0,220000.0,,-347000.0,-0.03712055332945154
YHN Acquisition I Limited,YHNA,Financial Services,NASDAQ,US,2024-12-31,,82615000.0,-45.948277,,35.533333,,0.0,0.0,0.3,,,0.0,-286649.0,0.0,502638.0,0.0,,0.9737083439446845,1625056.0,125056.0,719735.0,,669250.0,,-905321.0,-0.010958312655086849
YHN Acquisition I Limited,YHNAR,Unknown,NASDAQ,US,,,,-0.70818967,,,,,0.0,,,,,,0.0,,0.0,,,,,,,,,,
YHN Acquisition I Limited,YHNAU,Financial Services,NASDAQ,US,2024-12-31,,81762504.0,-45.47414,,,,,0.0,,,,0.0,-286649.0,0.0,502638.0,0.0,,0.9737083439446845,1625056.0,125056.0,719735.0,,669250.0,,-905321.0,-0.011072569401739457
"111, Inc.",YI,Healthcare,NASDAQ,US,2024-12-31,,64095688.0,-0.653529,52.821426,,-0.033275883191206695,0.0,0.0,-2.82,0.14,-46.58027988047147,14401249000.0,2114000.0,-0.00077,-64743000.0,-0.0051499996,-0.10858,-0.23052425791408843,2406988000.0,2342579000.0,2649657000.0,256770000.0,462289000.0,,242669000.0,3.786042518180006
Planet Image International Limited,YIBO,Technology,NASDAQ,US,2024-12-31,,51308680.0,0.8820774,,,,0.0,0.0,-0.1,,,149828000.0,7797000.0,-0.14147,7114000.0,-0.03551,-0.09319,0.4094815795914254,82036000.0,79864000.0,115522000.0,40390000.0,42997000.0,10293000.0,40691100.0,0.7930646432533442
YIFE,YIFE,Unknown,NASDAQ,US,,,,,,,,,,,,,,,,,,,,,,,,,,,
Yunji Inc.,YJ,Consumer Cyclical,NASDAQ,US,2024-12-31,,7166661.0,0.050997674,14.55,,-0.00895258252638846,0.0,0.0,-63.41,0.1,-335.098837811018,417651000.0,-136296000.0,-0.63407004,-123110000.0,-0.6307,-0.19940001,0.7966168115393374,274406000.0,262243000.0,516172000.0,11653000.0,219365000.0,,241766000.0,33.73481737171606
VitaNova Life Sciences Corporation,YJGJ,Healthcare,NASDAQ,US,2025-04-30,,120809264.0,21.18421,,53.666664,45.334442415275674,0.0,0.0,0.09,,0.03970490991877215,2662105.0,1208314.0,0.23219,850746.0,0.30897,0.58834,0.8459537524858715,347567.0,347567.0,2256251.0,,782810.0,,1908684.0,0.0157991526212758
"Yakult Honsha Co.,Ltd.",YKLTF,Consumer Defensive,NASDAQ,US,2025-03-31,,5334472704.0,1.2644978,,16.983517,-0.04329382579228151,0.45369998,4.2057586,0.91,,164.51999988543014,499683000000.0,55392000000.0,0.11574,45533000000.0,0.08765,0.07854,0.664258599564743,234804000000.0,157814000000.0,377892000000.0,108103000000.0,269057000000.0,68019000000.0,190701300000.0,35.748856650256094
"Yakult Honsha Co.,Ltd.",YKLTY,Consumer Defensive,NASDAQ,US,2025-03-31,,4802082304.0,0.62508976,,16.608696,0.1175722994372213,0.45009997,8.5078535,0.46,,82.25999994271507,499683000000.0,55392000000.0,0.11574,45533000000.0,0.08765,0.07854,0.664258599564743,234804000000.0,157814000000.0,377892000000.0,108103000000.0,269057000000.0,68019000000.0,190701300000.0,39.7122098138866
Zi Yun Dong Fang Ltd,YLY,Unknown,NASDAQ,US,2024-05-31,,,,,,,,,,,,,,,,,,0.5255108440572326,779245.0,513339.0,1141624.0,338339.0,737268.0,,362379.0,
"J-Star Holding Co., Ltd.",YMAT,Basic Materials,NASDAQ,US,2024-12-31,,7144764.0,0.48654547,,10.035,,0.0,0.0,0.04,,,17563985.0,1112438.0,0.0145000005,1104213.0,0.03142,0.04971,0.5332728622319752,11377119.0,10370847.0,12709848.0,10201294.0,649106.0,1789804.0,2585591.8000000007,0.36188624284860926
"Yamaha Motor Co., Ltd.",YMHAY,Consumer Cyclical,NASDAQ,US,2024-12-31,,7046289408.0,1.937794,,22.031252,0.07297701695338092,1.0102,1.8518518,0.64,,315.6873872713003,2576179000000.0,174453000000.0,0.04077,108069000000.0,0.0061299996,0.0233,0.41730468212513666,1556916000000.0,1147861000000.0,1608368000000.0,951973000000.0,372999000000.0,84827000000.0,110830900000.0,15.728973589158603
Full Truck Alliance Co. Ltd.,YMM,Technology,NASDAQ,US,2024-12-31,,10375270400.0,1.8277533,14.399012,18.036364,3.203322025959749,0.1835,0.1429752,0.55,0.6889362,2.0913441534913435,11238638000.0,2474980000.0,0.23115,3069849000.0,0.31903,0.10457,0.9125549824006666,3151902000.0,3019990000.0,27255973000.0,65132000.0,5810347000.0,7527259000.0,29373152300.0,2.8310734243610653
Yimutian Inc.,YMT,Technology,NASDAQ,US,2024-12-31,,187578400.0,-0.114564486,,,,0.0,0.0,-0.16,,,161321000.0,-34027000.0,-0.37143,-34900000.0,-0.21658,,-24.233698769316486,1509623000.0,479398000.0,47218000.0,301715000.0,2772000.0,0.0,-1462405000.0,-7.796233468245811
YMXK,YMXK,Unknown,NASDAQ,US,,,,,,,,,,,,,,,,,,,,,,,,,,,
The York Water Company,YORW,Utilities,NASDAQ,US,2024-12-31,,459167168.0,1.928931,20.79085,22.884892,22.343994943000173,0.6308,0.02695973,1.39,1.53,1.66182687075489,74959000.0,28041000.0,0.39521998,20325000.0,0.26057,0.08585,0.36495951682234284,402281000.0,18289000.0,16451000.0,205561000.0,1000.0,,-385830000.0,-0.8402822041492305
Yotta Acquisition Corporation,YOTA,Financial Services,NASDAQ,US,2024-12-31,,7365208.0,-0.8140008,,,62.25340385132859,0.0,0.0,-0.03,,0.16625597543529083,0.0,-703575.0,0.0,138846.0,0.0,,-0.5251341770786044,8593701.0,4568701.0,217229.0,2237000.0,194779.0,,-8376472.0,-1.1373028433141332
"Clear Secure, Inc.",YOU,Technology,NASDAQ,US,2024-12-31,,4551776768.0,22.166775,18.067871,20.337349,64.56285860874176,0.3012,0.015342129,1.66,1.86851,0.3067988058335651,770488000.0,123191000.0,0.22955,169676000.0,0.20973,1.3726,0.16599521981167129,956992000.0,643054000.0,662218000.0,121255000.0,66892000.0,7000000.0,-289874000.0,-0.06368370304050903
Youlife Group Inc.,YOUL,Consumer Defensive,NASDAQ,US,2024-12-31,,91258200.0,-0.94569886,,,,0.0,0.0,-0.03,,,1585640000.0,40540000.0,0.05016,-52376000.0,-0.00914,-0.025559999,-0.4804929306896032,1325469000.0,290045000.0,666589000.0,84670000.0,126531000.0,0.0,-658880000.0,-7.219953932906851
YPF Sociedad Anónima,YPF,Energy,NASDAQ,US,2024-12-31,,16216388608.0,1.3790323,11.142403,,-5.0786641517517275,0.0,0.0,-1.18,3.42296,-3.3493059829551366,19124000000.0,1986000000.0,0.12023,2348000000.0,-0.02441,-0.03487,0.3964478922119016,17521000000.0,8676000000.0,6793000000.0,9718000000.0,1118000000.0,,-10728000000.0,-0.6615529671450755
17 Education & Technology Group Inc.,YQ,Consumer Defensive,NASDAQ,US,2024-12-31,,30359596.0,0.729653,-1.1705801,,-0.05801591463434204,0.0,0.0,-1.3,-2.93,-35.85223014780872,189212000.0,-213812000.0,-2.3314,-192927000.0,-1.59295,-0.4488,0.7163363462822806,155878000.0,151617000.0,508911000.0,11059000.0,234144000.0,,353033000.0,11.628382670177825
"YouneeqAI Technical Services, Inc.",YQAI,Technology,NASDAQ,US,2024-12-31,,5465924.0,-0.65,,,-2.179117300784308,0.0,0.0,-0.9,,-0.6516399812775427,117760.0,-9074958.0,-319.63733,-9112184.0,0.0,,-28.931757808921866,2287355.0,2282318.0,5304.0,204957.0,5304.0,,-2282051.0,-0.4175050732501952
Yara International ASA,YRAIF,Basic Materials,NASDAQ,US,2024-12-31,,10225590272.0,1.194297,,13.622836,180.14796839796415,0.1693,0.011176023,2.89,,0.18843804828479233,13868000000.0,702000000.0,0.11468001,14000000.0,0.04876,0.09178001,0.4660530879018274,7990000000.0,3117000000.0,5700000000.0,4048000000.0,232000000.0,65000000.0,-2244500000.0,-0.21949833117663176
Yiren Digital Ltd.,YRD,Financial Services,NASDAQ,US,2024-12-31,,332089952.0,0.22317275,9.095239,1.8365386,0.1233666777819616,0.2193,0.84973687,2.08,0.42,23.282965557010105,5805901000.0,1647064000.0,0.41673002,1582299000.0,0.20183,0.12779,0.7350114336806469,3440266000.0,2094660000.0,11741155000.0,40765000.0,3841284000.0,6587000.0,8305499900.0,25.009789817428743
Yatsen Holding Limited,YSG,Consumer Defensive,NASDAQ,US,2024-12-31,,370376672.0,0.85137534,10.414023,,-0.5792278308911593,0.0,0.0,-0.75,0.378336,-6.810791406851598,3393414000.0,-421815000.0,-0.0837,-708174000.0,-0.11634,-0.1419,0.769435491040118,867852000.0,640188000.0,2347654000.0,148935000.0,817395000.0,,1479802000.0,3.995397420710125
Yangzijiang Shipbuilding (Holdings) Ltd.,YSHLF,Industrials,NASDAQ,US,2024-12-31,,10251389952.0,2.5398345,,9.214286,0.9310056141629921,0.3393,0.24692309,0.28,,1.038211770447394,26541716000.0,7074626000.0,0.31748,6633616000.0,0.29413998,0.30674,0.4816664612214991,28179196000.0,24884385000.0,42145417000.0,6800000000.0,28119740000.0,2300000.0,13967831000.0,1.3625304534703548
"York Space Systems, Inc.",YSS,Industrials,NASDAQ,US,2024-12-31,,3229465088.0,34.56522,,,,0.0,0.0,-2.26,,,253531000.0,-91966000.0,-0.21954,-98911000.0,-0.22747,,,542347000.0,225537000.0,227257000.0,220124000.0,104656000.0,,-315090000.0,-0.09756724145147347
"YSX Tech. Co., Ltd",YSXT,Industrials,NASDAQ,US,2025-03-31,,31171876.0,1.0106384,,6.333334,,0.0,0.0,0.21,,,71452736.0,5080195.0,0.07108,4021848.0,0.06093,0.18361,0.6720463504001357,13479281.0,12130781.0,40621387.0,6152348.0,7105085.0,,27142106.0,0.8707241745732596
"Yale Transaction Finders, Inc.",YTFD,Financial Services,NASDAQ,US,2024-12-31,,20744010.0,-137.58621,,,-541.4776833615642,0.0,0.0,-0.0,,-0.007368724754760531,0.0,-37007.0,0.0,-42352.0,0.0,,-11.368944210620578,138124.0,138124.0,11167.0,118500.0,11167.0,,-126957.0,-0.00612017637862689
"Yatra Online, Inc.",YTRA,Consumer Cyclical,NASDAQ,US,2025-03-31,,90139344.0,1.5943052,11.261397,149.0,-0.2886623102801824,0.0,0.0,0.01,0.1323104,-5.50816638249486,7954522000.0,-199252000.0,0.029830001,-106925000.0,0.0034599998,0.0301,0.40911845409246933,5303304000.0,4887923000.0,10215806000.0,784013000.0,605802000.0,45746000.0,4944524200.0,54.85422880379515
"Yum! Brands, Inc.",YUM,Consumer Cyclical,NASDAQ,US,2024-12-31,,45237972992.0,-6.1613216,21.815536,29.303955,22.404319509985154,0.5117,0.017629895,5.56,7.46853,5.603508771929825,7549000000.0,2403000000.0,0.31344,1486000000.0,0.1898,,-1.1369109558495614,14375000000.0,1269000000.0,1871000000.0,12286000000.0,616000000.0,,-12504000000.0,-0.2764049574504861
"Yum China Holdings, Inc.",YUMC,Consumer Cyclical,NASDAQ,US,2024-12-31,,20475619328.0,3.8137546,17.815912,23.08765,20.90562601331644,0.3825,0.017244477,2.51,3.25271,1.9690476190476192,11303000000.0,1200000000.0,0.07156,911000000.0,0.07875,0.16031,0.5150615951802895,4694000000.0,2283000000.0,2694000000.0,2409000000.0,723000000.0,1171000000.0,-1180300000.0,-0.05764416602461266
YXT.COM Group Holding Limited,YXT,Technology,NASDAQ,US,2024-12-31,,37535192.0,1.6145384,,1.2250981,,0.0,0.0,0.51,,,331190000.0,-187072000.0,-0.42153,-91753000.0,-0.58836,-1.25138,0.2764570477506765,594706000.0,394038000.0,475419000.0,314924000.0,417920000.0,114432000.0,-39184600.0,-1.04394297490206
AiRWA Inc.,YYAI,Technology,NASDAQ,US,2025-04-30,,43616544.0,0.13198668,,0.24109015,68.54454336113446,0.0,0.0,4.77,,11.306516346849484,12818182.0,6579857.0,0.018229999,3491287.0,0.04935,,0.7681462723555614,6487171.0,6487171.0,22396159.0,,54744.0,,15908988.0,0.36474664292521664
YY Group Holding Limited,YYGH,Consumer Cyclical,NASDAQ,US,2024-12-31,,11420779.0,0.35439253,,,,0.0,0.0,-0.36,,,41103389.0,-4140955.0,-0.17212999,-4837765.0,-0.28753,-0.87466,0.4002266973215336,9174817.0,7959692.0,13412639.0,5037401.0,836907.0,,4237822.0,0.3710624292791236
"Zillow Group, Inc.",Z,Communication Services,NASDAQ,US,2024-12-31,,13305523200.0,2.6652122,24.600914,,-86.99929363033439,0.0,0.0,-0.14,2.23447,-0.6764422562346142,2236000000.0,-190000000.0,-0.00148,-112000000.0,-0.01289,-0.0066299997,0.8317035512094699,981000000.0,831000000.0,2334000000.0,660000000.0,1082000000.0,,1353000000.0,0.10168709487500649
Zapp Electric Vehicles Group Limited,ZAPPF,Consumer Cyclical,NASDAQ,US,2024-09-30,,557865.0,-0.010604453,,,-0.18840366230567707,0.0,0.0,-1.54,,-92.99182533584832,17440.0,-6231478.0,-334.30798,-9008081.0,0.0,,-4.173217087344812,27911860.0,26884952.0,3455091.0,6417200.0,1565117.0,,-24456769.0,-43.83994156292293
Zapp Electric Vehicles Group Limited,ZAPWF,Unknown,NASDAQ,US,2024-09-30,,,-0.00088370446,,,,,0.0,,,,17440.0,-6231478.0,-334.30798,-9008081.0,0.0,,-4.173217087344812,27911860.0,26884952.0,3455091.0,6417200.0,1565117.0,,-24456769.0,
ATIF Holdings Limited,ZBAI,Financial Services,NASDAQ,US,2025-07-31,,71987344.0,0.94862735,,,-2.7292089950086322,0.0,0.0,-5.57,,-5.606019992868473,1200000.0,-842349.0,0.29143,-4597998.0,0.0,-0.80544996,0.9256717256008212,775944.0,775944.0,10439419.0,0.0,8950771.0,,9663475.0,0.134238526705472
Zhibao Technology Inc.,ZBAO,Financial Services,NASDAQ,US,2025-06-30,,29289774.0,8.144612,,,9.2122589019566,0.0,0.0,-0.28,,0.4363750545561309,276936030.0,-53538004.0,-0.43919,-62019599.0,-0.22395,-1.39866,0.14461140889497437,146065788.0,144131260.0,144500795.0,27522268.0,10284108.0,2500000.0,185007.0,0.006316436582952125
"Zimmer Biomet Holdings, Inc.",ZBH,Healthcare,NASDAQ,US,2024-12-31,,17818503168.0,1.3969424,10.6206045,22.310173,24.45397902801633,0.2382,0.010819339,4.03,8.46562,4.883166428230806,7678600000.0,1528300000.0,0.17003,903800000.0,0.100530006,0.06421,0.5835677477030512,8889100000.0,2450900000.0,4671500000.0,6204600000.0,525500000.0,,-4217600000.0,-0.23669777198650047
"Zenas BioPharma, Inc.",ZBIO,Healthcare,NASDAQ,US,2024-12-31,,1170205824.0,4.685149,-5.5329947,1.5947329,,0.0,0.0,13.67,-3.94,,5000000.0,-163888000.0,-13.0464,-156988000.0,0.0,-0.68325996,0.8445541235998789,57510000.0,57292000.0,355923000.0,1003000.0,319742000.0,,298413000.0,0.25500898549621304
Zebra Technologies Corporation,ZBRA,Technology,NASDAQ,US,2024-12-31,,12782471168.0,3.4041517,14.26544,25.317219,48.10342466999548,0.0,0.0,9.93,17.62301,5.724124799689474,4981000000.0,765000000.0,0.14621,528000000.0,0.09743,0.14286,0.45005020080321284,4382000000.0,1704000000.0,2440000000.0,2362000000.0,901000000.0,,-1942000000.0,-0.1519268046433508
"Zoomcar Holdings, Inc.",ZCAR,Industrials,NASDAQ,US,2025-03-31,,462482.0,-0.016687423,,0.000604584,-0.3192934486113414,0.0,0.0,110.82,,-3839.728016130839,9105891.0,-10173356.0,-0.86577004,-25622303.0,-2.68372,,-4.731623101384199,30706162.0,29510151.0,3014046.0,13939309.0,1077275.0,,-27692116.0,-59.877175760353914
"Zoomcar Holdings, Inc.",ZCARW,Unknown,NASDAQ,US,2025-03-31,,,-0.005379826,,,,,0.0,,,,9105891.0,-10173356.0,-0.86577004,-25622303.0,-2.68372,,-4.731623101384199,30706162.0,29510151.0,3014046.0,13939309.0,1077275.0,,-27692116.0,
Zhongchao Inc.,ZCMD,Healthcare,NASDAQ,US,2024-12-31,,7273296.0,0.29636592,,,-0.8382424975174191,0.0,0.0,-0.19,,-4.354348659460066,15864773.0,-340404.0,-0.15701,-643229.0,-0.12949,-0.059310004,0.8050200825166652,1733900.0,1530430.0,18707217.0,57517.0,7841306.0,,16973317.0,2.3336485961797786
Golden Cross Resources Inc.,ZCRMF,Basic Materials,NASDAQ,US,2024-12-31,,16069194.0,3.218898,,,,0.0,0.0,-0.16,,,0.0,-420501.0,0.0,-421112.0,0.0,,-37.01008234585258,946261.0,946261.0,24895.0,593081.0,24895.0,,-921366.0,-0.057337412193791425
Grayscale Zcash Trust (ZEC),ZCSH,Unknown,NASDAQ,US,,,,,,,,,,,,,,,,,,,,,,,,,,,
"Ziff Davis, Inc.",ZD,Communication Services,NASDAQ,US,2024-12-31,,1374007296.0,0.74499774,4.582219,13.03891,76.72206225118501,0.0,0.0,2.57,7.31305,0.8932241492014691,1401688000.0,198921000.0,0.12649,63047000.0,0.07621,0.06255,0.48885494666517654,1893452000.0,899647000.0,1272069000.0,864282000.0,505880000.0,,-621383000.0,-0.45224141226103065
"DirectBooking Technology Co., Ltd.",ZDAI,Industrials,NASDAQ,US,2025-03-31,,59330700.0,2.7117646,,,,0.0,0.0,-0.48,,,19275673.0,-7046874.0,-0.94106,-6981068.0,-0.81825995,-2.07298,0.5566843297010594,6961069.0,4102378.0,10876856.0,4026436.0,455953.0,,3915787.0,0.06599933929651934
ZDAN,ZDAN,Unknown,NASDAQ,US,,,,,,,,,,,,,,,,,,,,,,,,,,,
Zedcor Inc.,ZDCAF,Industrials,NASDAQ,US,2024-12-31,,475032096.0,11.019753,,450.0,13.421573909155585,0.0,0.0,0.01,,0.033528108635016464,32992000.0,3345000.0,0.04894,1629000.0,0.03101,0.03575,0.4742850365450475,35460000.0,14239000.0,15541000.0,28326000.0,5763000.0,,-19919000.0,-0.04193190348131761
"Zedge, Inc.",ZDGE,Communication Services,NASDAQ,US,2024-07-31,,40201228.0,1.5519838,11.444444,,-5.706063646589601,0.0,0.005423729,-0.09,0.27,-0.6507947771785411,,,0.12011,,-0.04243,-0.04518,0.8089016887027097,7299000.0,6250000.0,23997000.0,203000.0,19998000.0,,16698000.0,0.41536044620328516
"Zoned Properties, Inc.",ZDPY,Real Estate,NASDAQ,US,2024-12-31,,4812331.0,0.7707129,,6.666667,-10.437683148037475,0.0,0.0,0.06,,-0.04435850302758208,3793289.0,1103170.0,0.36152,573958.0,0.18716998,0.13364,0.36215941539001734,10321625.0,1231641.0,2731759.0,9089984.0,1019980.0,50000.0,-7554866.0,-1.5698974156183354
Zefiro Methane Corp.,ZEFIF,Energy,NASDAQ,US,2024-06-30,,21998220.0,13.757142,,,-11.515939757938916,0.0,0.0,-0.12,,-0.10941356215367762,,,0.14932999,,-0.24575001,-1.5818801,0.2034424883060571,20288328.0,11245255.0,10223370.0,15510201.0,981746.0,,-10064958.0,-0.4575351096588724
"ZenaTech, Inc.",ZENA,Technology,NASDAQ,US,2024-12-31,,139529200.0,-14.401602,-17.469769,73.25,,0.0,0.0,0.04,-0.1677183,,1963605.0,-3014246.0,-1.10487,-4481751.0,0.0,-1.00948,0.6297730448385644,12827016.0,2891112.0,6278477.0,10119579.0,3754075.0,,-6548539.0,-0.04693310790859548
Zenvia Inc.,ZENV,Technology,NASDAQ,US,2024-12-31,,44682196.0,0.31367978,-20.752241,0.0030239427,-0.8376344927926742,0.0,0.0,281.09,-0.040959433,-1.4564825578549758,959680000.0,14096000.0,-0.035439998,-154658000.0,-0.10985,-0.15455,0.4424382611608244,972139000.0,674759000.0,318990000.0,129675000.0,116884000.0,,-653149000.0,-14.617656661279584
Zeo Energy Corp.,ZEO,Technology,NASDAQ,US,2024-12-31,,112144824.0,-16.974546,,,2.3240123574879608,0.0,0.0,-0.36,,4.845069,73244083.0,-10829772.0,-0.04298,-2668889.0,-0.17914,-0.47739,-1.458145989488737,34194295.0,14969609.0,18888675.0,5089744.0,5634115.0,,-15305620.0,-0.13648084195129684
Zeo Energy Corp.,ZEOWW,Unknown,NASDAQ,US,2024-12-31,,,-0.8527273,,,,,0.0,,,,73244083.0,-10829772.0,-0.04298,-2668889.0,-0.17914,-0.47739,-1.458145989488737,34194295.0,14969609.0,18888675.0,5089744.0,5634115.0,,-15305620.0,
"Zeo ScientifiX, Inc.",ZEOX,Healthcare,NASDAQ,US,2025-10-31,,15229882.0,-9.478673,,,-2.5587980125246848,0.0,0.0,-0.86,,-0.7425361309716949,5199000.0,-5386000.0,-0.40387002,-5521000.0,-1.0619301,,-0.9318925998690243,2950000.0,2873000.0,958000.0,353000.0,221000.0,,-1992000.0,-0.13079549795592638
Zepp Health Corporation,ZEPP,Technology,NASDAQ,US,2024-12-31,,258716256.0,1.2363713,-1769.0001,,-2.9392646034816248,0.0,0.0,-4.0,-0.01,-2.0413269335781696,182603000.0,-47250000.0,-0.01166,-75733000.0,-0.28281,-0.24359,0.4759597648852709,275865000.0,195367000.0,251564000.0,182137000.0,91069000.0,58022000.0,16314400.0,0.06305904488661122
Zeta Global Holdings Corp.,ZETA,Technology,NASDAQ,US,2024-12-31,,4153527040.0,5.828157,17.453756,,-7.405220236089249,0.0,0.0,-0.08,0.9677,-1.1964532281562872,1005754000.0,-59686000.0,0.04518,-69771000.0,-0.01863,-0.039189998,0.6089773640352969,434572000.0,199337000.0,616540000.0,196288000.0,366157000.0,,181968000.0,0.043810476794199464
"Olympic Steel, Inc.",ZEUS,Basic Materials,NASDAQ,US,2024-12-31,,575922176.0,0.9888048,22.138529,43.709404,17.099807344501027,0.5385,0.012421135,1.17,2.31,3.8460010364484365,1941672000.0,47859000.0,0.0148,22980000.0,0.0072600003,0.02399,0.549474579127158,470572000.0,132638000.0,580591000.0,310266000.0,11912000.0,,110019000.0,0.19103101874653286
"Zillow Group, Inc.",ZG,Communication Services,NASDAQ,US,2024-12-31,,13674031104.0,2.6424243,24.284931,,-85.4766229665732,0.0,0.0,-0.14,2.24419,-0.6764422562346142,2236000000.0,-190000000.0,-0.00148,-112000000.0,-0.01289,-0.0066299997,0.8317035512094699,981000000.0,831000000.0,2334000000.0,660000000.0,1082000000.0,,1353000000.0,0.09894668146573202
ZGJLY,ZGJLY,Unknown,NASDAQ,US,,,,,,,,,,,,,,,,,,,,,,,,,,,
Zenta Group Company Limited,ZGM,Industrials,NASDAQ,US,2025-09-30,,23971942.0,3.4117644,,20.3,,0.0,0.0,0.1,,,3163046.0,1347910.0,0.31675,1001335.0,0.31656998,0.23431998,0.9412987399509742,429970.0,424262.0,3456937.0,73245.0,1042230.0,,3026967.0,0.12627124660989084
Ermenegildo Zegna N.V.,ZGN,Consumer Cyclical,NASDAQ,US,2024-12-31,,2639988736.0,2.5322924,21.675854,23.613638,23.512358011176648,0.3243,0.011964108,0.44,0.47933525,0.4815627872478002,1946647000.0,166852000.0,0.07402,77083000.0,0.04967,0.115109995,0.3232634891016957,1851086000.0,852885000.0,1206162000.0,1035252000.0,219130000.0,39901000.0,-616993300.0,-0.2337105804984768
Zhihu Inc.,ZH,Communication Services,NASDAQ,US,2024-12-31,,309237920.0,0.47436303,125.06921,23.133333,-0.6715625711711736,0.0,0.0,0.15,0.02774464,-8.46086486075027,3598905000.0,-481083000.0,-0.15148,-171802000.0,0.03441,0.0241,0.721464788123117,1537266000.0,1524656000.0,5484634000.0,19131000.0,3999160000.0,,3947368000.0,12.764825219365077
ZHIHF,ZHIHF,Unknown,NASDAQ,US,,,,,,,,,,,,,,,,,,,,,,,,,,,
Intelligent Hotel Group Ltd,ZHJD,Consumer Cyclical,NASDAQ,US,2024-12-31,,157170000.0,,,Infinity,10151.166282911203,0.0,0.0,0.0,,9.851084812623274e-05,246466.0,-47081.0,0.05158,-59275.0,-1.33344,,-2.0676039595242113,418050.0,418050.0,136279.0,0.0,29825.0,,-281771.0,-0.0017927785200738055
Zicix Corporation,ZICX,Technology,NASDAQ,US,,,23395804.0,-2.7138646,,,,,0.0,-0.0,,,,,0.0,,0.0,,,,,,,,,,
ZIM Integrated Shipping Services Ltd.,ZIM,Industrials,NASDAQ,US,2024-12-31,,2491061504.0,0.620369,-6.3370657,2.4885678,-0.2694254968028515,0.81589997,0.21052633,8.31,-3.26334,-22.423525782325544,8427400000.0,2489800000.0,0.14827,2147700000.0,0.13215,0.25303,0.3544404934369375,7346800000.0,2611200000.0,3260900000.0,6015700000.0,1314700000.0,1060000000.0,-3343900000.0,-1.3423594699009085
"Zions Bancorporation, National Association",ZION,Financial Services,NASDAQ,US,2024-12-31,,9640263680.0,1.3550985,9.987273,10.863561,9.863811836534616,0.2928,0.027448533,6.01,6.53732,5.325544271983154,,,0.38757,,0.27127,0.13515,0.06898338496198254,82651000000.0,,,3475000000.0,3501000000.0,334000000.0,,
"Zions Bancorporation, National Association",ZIONP,Financial Services,NASDAQ,US,2024-12-31,,,0.41271457,,3.2249434,,,0.08822011,6.166,,,3130000000.0,,0.38757,784000000.0,0.27127,0.13515,0.06898338496198254,82651000000.0,,,3475000000.0,3501000000.0,334000000.0,,
"ZipRecruiter, Inc.",ZIP,Communication Services,NASDAQ,US,2024-12-31,,176836768.0,-2.3681257,7.7710667,,30.485989442497676,0.0,0.0,-0.46,0.27152,0.46414762575509777,474001000.0,1262000.0,-0.04111,-12854000.0,-0.09581,,0.020224076137698402,650630000.0,81594000.0,543673000.0,552721000.0,218432000.0,,-106957000.0,-0.6048346235325902
"ZIVO Bioscience, Inc.",ZIVO,Healthcare,NASDAQ,US,2024-12-31,,39858100.0,-11.946387,-8.541666,,-0.28249448893250967,0.0,0.0,-2.18,-1.2,-4.601859516724467,157220.0,-13361897.0,-15.51761,-13384836.0,0.0,,-0.3133650453222585,2158019.0,2041822.0,1635442.0,254361.0,1542442.0,,-522577.0,-0.013110936045621843
"Zivo Bioscience, Inc.",ZIVOW,Unknown,NASDAQ,US,2024-12-31,,,-0.051282052,,,,,0.0,,,,157220.0,-13361897.0,-15.51761,-13384836.0,0.0,,-0.3133650453222585,2158019.0,2041822.0,1635442.0,254361.0,1542442.0,,-522577.0,
ZJGIY,ZJGIY,Unknown,NASDAQ,US,,,,,,,,,,,,,,,,,,,,,,,,,,,
"ZJK Industrial Co., Ltd.",ZJK,Industrials,NASDAQ,US,2024-12-31,,118071160.0,3.057851,,26.428572,,0.0,0.0,0.07,,,37809465.0,1900358.0,0.23727,3682723.0,0.08873,0.12876001,0.5385528165261331,25704381.0,23978466.0,43497758.0,4442207.0,12255213.0,,17793377.0,0.1507004504741039
ZHEJIANG LEAPMOTOR TECHNOLOGY C,ZJLMF,Unknown,NASDAQ,US,,,,3.7080204,,,,,0.0,,,,,,-0.0066000004,,-0.01211,-0.04912,,,,,,,,,
ZJNGF,ZJNGF,Unknown,NASDAQ,US,,,,,,,,,,,,,,,,,,,,,,,,,,,
Jin Medical International Ltd.,ZJYL,Healthcare,NASDAQ,US,2024-09-30,,21760048.0,0.78089887,,13.900001,48.358318332544414,0.0,0.0,0.01,,0.019831127807675205,23502010.0,3638748.0,-0.04597,3675927.0,0.07854,0.06397,0.6291419255427786,17248309.0,17152134.0,42816216.0,11603769.0,8136179.0,,25567907.0,1.1749931342063216
ZKH Group Limited,ZKH,Consumer Cyclical,NASDAQ,US,2024-12-31,,576083264.0,1.3487506,55.948765,,-2.3134073220801494,0.0,0.0,-0.2,0.06345091,-6.968077210345628,8761318000.0,-338770000.0,-0.013890001,-268043000.0,-0.01973,-0.05752,0.4686704573849731,3512745000.0,3339538000.0,6190173000.0,548650000.0,1423943000.0,,2677428000.0,4.6476406577227
"ZK International Group Co., Ltd.",ZKIN,Basic Materials,NASDAQ,US,2025-09-30,,29362924.0,0.45883942,,,,0.0,0.0,-0.7,,,71241683.0,-2495996.0,-0.12047,-3985184.0,-0.05594,-0.15172,0.38967302741925514,38253260.0,31877271.0,45750376.0,27525963.0,2306571.0,,7497116.0,0.2553259341610529
Lafayette Digital Acquisition Corp. I Class A Ordinary Shares,ZKP,Unknown,NASDAQ,US,,,385460288.0,,,,,,0.0,,,,,,,,,,,,,,,,,,
Lafayette Digital Acquisition Corp. I,ZKPU,Unknown,NASDAQ,US,,,,,,,,,0.0,,,,,,,,,,,,,,,,,,
Zai Lab Limited,ZLAB,Healthcare,NASDAQ,US,2024-12-31,,2017250688.0,2.6193247,-16.52847,,-7.881446623770322,0.0,0.0,-1.9,-1.08903,-3.4625624226421987,398988000.0,-273947000.0,-0.42053002,-257103000.0,-0.46828997,-0.28972998,0.7091679295772391,344855000.0,299385000.0,1050480000.0,153471000.0,449667000.0,,705625000.0,0.34979539439373836
Zealand Pharma A/S,ZLDPF,Healthcare,NASDAQ,US,2024-12-31,,4525672448.0,1.8400649,-53.96552,4.3472223,-4.60917725118337,0.0,0.0,14.4,-1.16,-12.436058882332581,62691000.0,-1269071000.0,-9.30662,-1078828000.0,0.7147,0.54422003,0.9064911210233967,888858000.0,403473000.0,8527704000.0,391756000.0,480303000.0,819632000.0,8212588400.0,1.814666990234641
Zhanling International Limited,ZLME,Financial Services,NASDAQ,US,2025-05-31,,29248500.0,-850.0,,17.0,-21.247822968958097,0.0,0.0,0.5,,-0.4000409836065574,0.0,-39857.0,0.0,-39857.0,0.0,,-290.54819277108436,48397.0,9122.0,166.0,,,,-48231.0,-0.0016490076414175086
"Zoom Communications, Inc.",ZM,Technology,NASDAQ,US,2025-01-31,,27594479616.0,2.94889,15.203908,17.937742,33.3608538146004,0.0,0.0,5.14,6.06423,2.0661941294502637,4665433000.0,813295000.0,0.2524,1010238000.0,0.33166,0.17743,0.8131363004748362,2053337000.0,1903294000.0,8675974000.0,64432000.0,1349380000.0,587031000.0,7033558700.0,0.2548900648926084
Zeta Network Group,ZNB,Communication Services,NASDAQ,US,2025-06-30,,75291880.0,0.023396954,,,-0.31186881940892647,0.0,0.0,-2791.75,,-1763.5620035449354,8726016.0,-8195579.0,-0.17274,-43001455.0,0.0,-2.05513,0.6510721906022827,12498979.0,12498979.0,3729187.0,4220997.0,1060893.0,,-8769792.0,-0.11647726155861694
ZNKUF,ZNKUF,Unknown,NASDAQ,US,,,,,,,,,,,,,,,,,,,,,,,,,,,
"Zion Oil & Gas, Inc.",ZNOG,Energy,NASDAQ,US,2024-12-31,,451269600.0,10.675675,,Infinity,-4.99994598081963,0.0,0.0,0.0,,-0.014000151314944462,0.0,-7339000.0,0.0,-7343000.0,0.0,-0.20597,0.8926527017676291,3413000.0,2228000.0,3930000.0,744000.0,2272000.0,,517000.0,0.0011456566097073678
Zion Oil,ZNOGW,Unknown,NASDAQ,US,2024-12-31,,,134.32431,,,,,0.0,,,,0.0,-7339000.0,0.0,-7343000.0,0.0,-0.20597,0.8926527017676291,3413000.0,2228000.0,3930000.0,744000.0,2272000.0,,517000.0,
"Zentalis Pharmaceuticals, Inc.",ZNTL,Healthcare,NASDAQ,US,2024-12-31,,154754368.0,0.68285716,-1.3186208,,-3.487692006289343,0.0,0.0,-2.08,-1.8125,-4.467137549878457,67425000.0,-187458000.0,-5.6777196,-165839000.0,0.0,-0.49181,0.7835394121351406,93151000.0,52725000.0,386066000.0,39577000.0,33901000.0,,292915000.0,1.8927737147942731
Zomedica Corp.,ZOMDF,Healthcare,NASDAQ,US,2024-12-31,,117691960.0,0.9844262,,,-5.959901064466081,0.0,0.0,-0.09,,-0.03523548313503791,27285000.0,-35029000.0,-0.81606,-46982000.0,-2.86963,-0.52412,0.9435956790123456,11696000.0,9331000.0,81773000.0,1814000.0,7021000.0,,70077000.0,0.5954272492360566
"CleanCore Solutions, Inc.",ZONE,Industrials,NASDAQ,US,2023-06-30,,2314966.0,0.31461036,,,,0.0,0.0,-0.02,,,2647995.0,-266550.0,-9.10451,-541611.0,0.0,-0.21934,0.2865738080006985,4347204.0,3948664.0,1737291.0,3481275.0,393194.0,,-2609913.0,-1.1274087826775858
ZOOZ Strategy Ltd.,ZOOZ,Consumer Cyclical,NASDAQ,US,2024-12-31,,63173292.0,-32.516666,1.6258333,,,0.0,0.0,-1.11,0.24,,1041000.0,-10536000.0,-27.71255,-10990000.0,0.0,-2.17875,0.5233309963387084,6119000.0,5190000.0,10653000.0,3953000.0,7532000.0,,4534000.0,0.0717708363211466
ZOOZ Strategy Ltd.,ZOOZW,Unknown,NASDAQ,US,2024-12-31,,,-4.4166665,,,,,0.0,,,,1041000.0,-10536000.0,-27.71255,-10990000.0,0.0,-2.17875,0.5233309963387084,6119000.0,5190000.0,10653000.0,3953000.0,7532000.0,,4534000.0,
Zephyr Minerals Ltd.,ZPHYF,Basic Materials,NASDAQ,US,2024-12-31,,4881935.0,1.1914983,,,-2.2477442913881536,0.0,0.0,-0.0,,-0.02860645711076942,0.0,-176188.0,0.0,-175288.0,0.0,-0.0508,0.9622098591026664,201646.0,70370.0,111544.0,25605.0,95729.0,,-90102.0,-0.018456206401764874
"Zapata Quantum, Inc.",ZPTA,Technology,NASDAQ,US,2024-12-31,,180662464.0,-6.6037736,-1.779661,8.75,,0.0,0.0,0.12,-0.59,,3876000.0,-23046000.0,0.0,-38143000.0,0.0,,-8.588730332967435,26206000.0,23657000.0,2183000.0,4167000.0,359000.0,,-24023000.0,-0.13297172787369932
"Zapata Quantum, Inc.",ZPTAW,Unknown,NASDAQ,US,2024-12-31,,,-2.3270442,,,,,0.0,,,,3876000.0,-23046000.0,0.0,-38143000.0,0.0,,-8.588730332967435,26206000.0,23657000.0,2183000.0,4167000.0,359000.0,,-24023000.0,
ZRCN,ZRCN,Unknown,NASDAQ,US,,,,18.567638,,,,,0.0,,,,,,-0.36198002,,-0.10112,-0.41889998,,,,,,,,,
"Zscaler, Inc.",ZS,Technology,NASDAQ,US,2025-07-31,,26684315648.0,13.460704,37.29708,,-469.57860511904323,0.0,0.0,-0.27,4.48641,-0.3857713957188507,2673115000.0,-127144000.0,-0.03875,-41478000.0,-0.01449,-0.02407,0.28026548126696293,4620615000.0,2429611000.0,4894290000.0,1796576000.0,2389023000.0,,273675000.0,0.010256024685441466
ZSHLY,ZSHLY,Unknown,NASDAQ,US,,,,,,,,,,,,,,,,,,,,,,,,,,,
"Zensho Holdings Co., Ltd.",ZSHOF,Consumer Cyclical,NASDAQ,US,2025-03-31,,8774124544.0,5.315863,,35.26918,0.00897917666518543,0.2911,1.2482613,1.59,,195.40999972680927,1136684000000.0,75128000000.0,0.07653,39290000000.0,0.03161,0.15732999,0.2952383997717403,572739000000.0,191114000000.0,252006000000.0,365701000000.0,79695000000.0,1528000000.0,-319663400000.0,-36.432512257715224
ZSICY,ZSICY,Unknown,NASDAQ,US,,,,,,,,,,,,,,,,,,,,,,,,,,,
ProShares UltraShort Silver,ZSL,Unknown,NASDAQ,US,,,,,,,,,,,,,,,,,,,,,,,,,,,
"zSpace, Inc.",ZSPC,Technology,NASDAQ,US,2024-12-31,,10397019.0,-0.48169583,-1.5560869,0.43646342,,0.0,0.0,0.82,-0.23,,38098000.0,-17658000.0,-0.54521,-20823000.0,-0.6888,,-1.085427135678392,28220000.0,20892000.0,13511000.0,11955000.0,4557000.0,,-14709000.0,-1.4147324343641192
ZSSK,ZSSK,Unknown,NASDAQ,US,,,,,,,,,,,,,,,,,,,,,,,,,,,
Zentek Ltd.,ZTEK,Healthcare,NASDAQ,US,2025-03-31,,70232104.0,8.086006,,,-10.304531633432493,0.0,0.0,-0.07,,-0.11645362354853478,872495.0,-9600632.0,-369.5519,-10039658.0,0.0,-0.54165,0.8017666162848438,3646738.0,3485001.0,4367893.0,680474.0,121481.0,,721155.0,0.010268167389659863
ZTO Express (Cayman) Inc.,ZTO,Industrials,NASDAQ,US,2024-12-31,,18598955008.0,2.0605948,13.3304,15.442308,1.8728946621418587,0.4334,0.20270842,1.56,1.8071475,10.42853296904216,44280720000.0,11776859000.0,0.20271,8816835000.0,0.18603,0.14214,0.6721049404956643,29665497000.0,28273235000.0,30353721000.0,17345129000.0,13465442000.0,,688224000.0,0.03700336925940049
ZTOEF,ZTOEF,Industrials,NASDAQ,US,2024-12-31,,13050620928.0,1.4541351,,10.691824,,0.6096,0.28176472,1.59,,,44280720000.0,11776859000.0,0.20271,8816835000.0,0.18603,0.14214,0.6721049404956643,29665497000.0,28273235000.0,30353721000.0,17345129000.0,13465442000.0,,688224000.0,0.05273496209850223
Virtus Global Dividend & Income Fund Inc.,ZTR,Unknown,NASDAQ,US,,,312285504.0,1.1582268,,11.719858,,,0.0,0.564,,,,,0.75588,,0.92882,,,,,,,,,,
Zoetis Inc.,ZTS,Healthcare,NASDAQ,US,2024-12-31,,56470437888.0,10.421199,18.675617,21.451178,37.83738604340537,0.32529998,0.015245009,5.94,6.8228,5.0703006705602425,9256000000.0,3392000000.0,0.39333,2486000000.0,0.28211,0.49868,0.33504249490763505,9467000000.0,3412000000.0,5986000000.0,6744000000.0,1985000000.0,,-3481000000.0,-0.06164287245131695
ZTEST Electronics Inc.,ZTSTF,Technology,NASDAQ,US,2025-06-30,,7941390.0,1.7869068,,10.75,3.1360113014498445,0.0,0.0,0.02,,0.057397754615660844,8319302.0,1342348.0,0.15541,1088750.0,0.1233,0.18341999,0.8067638978311389,1390801.0,1236285.0,6244569.0,193740.0,4104731.0,,4853768.0,0.6111987951731372
Zumiez Inc.,ZUMZ,Consumer Cyclical,NASDAQ,US,2025-01-31,,422213984.0,1.1731738,21.850878,60.756096,-5.511868523020578,0.0,0.0,0.41,1.14,-3.245723172628305,889202000.0,1950000.0,0.14923,-1713000.0,0.00936,0.027880002,0.5181711218322804,305904000.0,155514000.0,322385000.0,199821000.0,112668000.0,,16481000.0,0.03903470899722734
Zura Bio Limited,ZURA,Healthcare,NASDAQ,US,2024-12-31,,390790080.0,3.6096098,-8.121622,,-2.629346903685626,0.0,0.0,-0.65,-0.74,-1.8255484599641738,0.0,-55189000.0,0.0,-52403000.0,0.0,-0.45009997,0.8177605231350226,19514000.0,19514000.0,178744000.0,,176498000.0,,159230000.0,0.4074566068821399
Zevia PBC,ZVIA,Consumer Defensive,NASDAQ,US,2024-12-31,,115787896.0,2.260184,-27.52,,-4.898437367548862,0.0,0.0,-0.22,-0.0625,-0.4246251952685208,155049000.0,-21517000.0,-0.07034,-20005000.0,-0.08825,-0.39405,0.954790952303866,25006000.0,24222000.0,61909000.0,1313000.0,30653000.0,,36903000.0,0.31871206986954836
"Zevra Therapeutics, Inc.",ZVRA,Healthcare,NASDAQ,US,2024-12-31,,484158816.0,3.630224,13.870968,18.297873,-4.388347526286779,0.0,0.0,0.47,0.62,-1.2988943503497359,23612000.0,-87003000.0,0.15896,-105511000.0,0.4186,0.34814,0.22268381547996655,138461000.0,34065000.0,86027000.0,60296000.0,33785000.0,6010000.0,-48227000.0,-0.09960987677233579
"ZyVersa Therapeutics, Inc.",ZVSA,Healthcare,NASDAQ,US,2024-12-31,,1376306.0,-0.11740332,-0.035416666,,-0.009412963498586441,0.0,0.0,-3.32,-4.8,-1008.1840615384615,0.0,-9136834.0,0.0,-9413435.0,0.0,,0.4134315180033762,12082967.0,11231308.0,1715797.0,0.0,1530924.0,,-10367170.0,-7.5326053944399
Zurn Elkay Water Solutions Corporation,ZWS,Industrials,NASDAQ,US,2024-12-31,,8832776192.0,5.4967713,28.991714,47.125,45.77883389785212,0.3393,0.007434944,1.12,1.82052,0.6357928229314167,1566500000.0,258100000.0,0.15987,160200000.0,0.11675,0.120620005,0.5991315839154239,1061700000.0,247800000.0,722100000.0,551600000.0,198000000.0,,-339600000.0,-0.038447708015921615
ZY,ZY,Unknown,NASDAQ,US,,,,,,,,,,,,,,,,,,,,,,,,,,,
Zhengye Biotechnology Holding Limited,ZYBT,Healthcare,NASDAQ,US,2024-12-31,,39827712.0,0.9243703,,,,0.0,0.0,-0.06,,,186356000.0,17172000.0,-0.46333998,11311000.0,-0.12597999,-0.0638,0.5756933138974997,140707000.0,135907000.0,177566000.0,86433000.0,18604000.0,,36859000.0,0.9254611462491242
Zymeworks Inc.,ZYME,Healthcare,NASDAQ,US,2024-12-31,,1730136704.0,5.333333,69.56948,,-6.208893218947901,0.0,0.0,-0.85,0.32658,-1.723334486831174,76304000.0,-119817000.0,-0.80068,-122695000.0,-0.47164002,-0.18464,0.7315365662472386,124323000.0,88294000.0,300451000.0,18506000.0,66103000.0,,176128000.0,0.10180004828104033
"Zynex, Inc.",ZYXIQ,Healthcare,NASDAQ,US,2024-12-31,,850881.0,-0.020895522,,,40.44249819239323,0.0,0.0,-2.41,,0.26927120801283827,192354000.0,5990000.0,-0.98967004,2994000.0,-0.68351996,,0.29249911942266893,86371000.0,16864000.0,75179000.0,73824000.0,39631000.0,,-11192000.0,-13.15342568467271
